text,block_id,projection_369
quran,1,0.206897
quran,2,0.389097
quran,3,0.399429
quran,4,0.387576
quran,5,0.386132
quran,6,0.350980
quran,7,0.367115
quran,8,0.407378
quran,9,0.402794
quran,10,0.372219
quran,11,0.353846
quran,12,0.371317
quran,13,0.363636
quran,14,0.407674
quran,15,0.373676
quran,16,0.411255
quran,17,0.338028
quran,18,0.347196
quran,19,0.345641
quran,20,0.351511
quran,21,0.376061
quran,22,0.439595
quran,23,0.401515
quran,24,0.411943
quran,25,0.350000
quran,26,0.367825
quran,27,0.368874
quran,28,0.371706
quran,29,0.406314
quran,30,0.438490
quran,31,0.415162
quran,32,0.444149
quran,33,0.385616
quran,34,0.368243
quran,35,0.406650
quran,36,0.377384
quran,37,0.331415
quran,38,0.327470
quran,39,0.388654
quran,40,0.400000
quran,41,0.397243
quran,42,0.384259
quran,43,0.373810
quran,44,0.405714
quran,45,0.378049
quran,46,0.383667
quran,47,0.432234
quran,48,0.388298
quran,49,0.422969
quran,50,0.374005
quran,51,0.390110
quran,52,0.322785
quran,53,0.370879
quran,54,0.367052
quran,55,0.477528
quran,56,0.464752
quran,57,0.385147
quran,58,0.417537
quran,59,0.399113
quran,60,0.387640
quran,61,0.356522
quran,62,0.447514
quran,63,0.389189
quran,64,0.402439
quran,65,0.412969
quran,66,0.356589
quran,67,0.385757
quran,68,0.344262
quran,69,0.337121
quran,70,0.389140
quran,71,0.411255
quran,72,0.303448
quran,73,0.367647
quran,74,0.338462
quran,75,0.321429
quran,76,0.384615
quran,77,0.400000
quran,78,0.365169
quran,79,0.360656
quran,80,0.408759
quran,81,0.379630
quran,82,0.329412
quran,83,0.433526
quran,84,0.446429
quran,85,0.380531
quran,86,0.246154
quran,87,0.421053
quran,88,0.364583
quran,89,0.321678
quran,90,0.325581
quran,91,0.413793
quran,92,0.413333
quran,93,0.431818
quran,94,0.322581
quran,95,0.394737
quran,96,0.434211
quran,97,0.411765
quran,98,0.377551
quran,99,0.400000
quran,100,0.340909
quran,101,0.250000
quran,102,0.437500
quran,103,0.500000
quran,104,0.459459
quran,105,0.370370
quran,106,0.333333
quran,107,0.448276
quran,108,0.357143
quran,109,0.129032
quran,110,0.478261
quran,111,0.333333
quran,112,0.263158
quran,113,0.518519
quran,114,0.458333
bukhari,1,0.160000
bukhari,2,0.280000
bukhari,3,0.260000
bukhari,4,0.320000
bukhari,5,0.380000
bukhari,6,0.320000
bukhari,7,0.260000
bukhari,8,0.200000
bukhari,9,0.240000
bukhari,10,0.300000
bukhari,11,0.320000
bukhari,12,0.260000
bukhari,13,0.240000
bukhari,14,0.360000
bukhari,15,0.240000
bukhari,16,0.460000
bukhari,17,0.460000
bukhari,18,0.420000
bukhari,19,0.260000
bukhari,20,0.240000
bukhari,21,0.260000
bukhari,22,0.320000
bukhari,23,0.380000
bukhari,24,0.300000
bukhari,25,0.340000
bukhari,26,0.300000
bukhari,27,0.420000
bukhari,28,0.260000
bukhari,29,0.400000
bukhari,30,0.280000
bukhari,31,0.360000
bukhari,32,0.300000
bukhari,33,0.340000
bukhari,34,0.340000
bukhari,35,0.360000
bukhari,36,0.360000
bukhari,37,0.260000
bukhari,38,0.440000
bukhari,39,0.300000
bukhari,40,0.340000
bukhari,41,0.340000
bukhari,42,0.280000
bukhari,43,0.320000
bukhari,44,0.560000
bukhari,45,0.300000
bukhari,46,0.440000
bukhari,47,0.300000
bukhari,48,0.440000
bukhari,49,0.460000
bukhari,50,0.280000
bukhari,51,0.340000
bukhari,52,0.320000
bukhari,53,0.320000
bukhari,54,0.300000
bukhari,55,0.300000
bukhari,56,0.380000
bukhari,57,0.400000
bukhari,58,0.340000
bukhari,59,0.340000
bukhari,60,0.280000
bukhari,61,0.280000
bukhari,62,0.340000
bukhari,63,0.460000
bukhari,64,0.340000
bukhari,65,0.340000
bukhari,66,0.420000
bukhari,67,0.240000
bukhari,68,0.320000
bukhari,69,0.280000
bukhari,70,0.260000
bukhari,71,0.380000
bukhari,72,0.360000
bukhari,73,0.260000
bukhari,74,0.460000
bukhari,75,0.580000
bukhari,76,0.320000
bukhari,77,0.280000
bukhari,78,0.320000
bukhari,79,0.200000
bukhari,80,0.260000
bukhari,81,0.380000
bukhari,82,0.220000
bukhari,83,0.340000
bukhari,84,0.300000
bukhari,85,0.460000
bukhari,86,0.380000
bukhari,87,0.260000
bukhari,88,0.440000
bukhari,89,0.340000
bukhari,90,0.320000
bukhari,91,0.520000
bukhari,92,0.300000
bukhari,93,0.360000
bukhari,94,0.220000
bukhari,95,0.300000
bukhari,96,0.180000
bukhari,97,0.300000
bukhari,98,0.260000
bukhari,99,0.360000
bukhari,100,0.400000
bukhari,101,0.380000
bukhari,102,0.420000
bukhari,103,0.380000
bukhari,104,0.260000
bukhari,105,0.360000
bukhari,106,0.300000
bukhari,107,0.400000
bukhari,108,0.300000
bukhari,109,0.320000
bukhari,110,0.360000
bukhari,111,0.340000
bukhari,112,0.160000
bukhari,113,0.360000
bukhari,114,0.200000
bukhari,115,0.260000
bukhari,116,0.360000
bukhari,117,0.280000
bukhari,118,0.280000
bukhari,119,0.340000
bukhari,120,0.220000
bukhari,121,0.340000
bukhari,122,0.260000
bukhari,123,0.260000
bukhari,124,0.320000
bukhari,125,0.300000
bukhari,126,0.300000
bukhari,127,0.320000
bukhari,128,0.220000
bukhari,129,0.300000
bukhari,130,0.400000
bukhari,131,0.420000
bukhari,132,0.420000
bukhari,133,0.240000
bukhari,134,0.340000
bukhari,135,0.360000
bukhari,136,0.320000
bukhari,137,0.320000
bukhari,138,0.260000
bukhari,139,0.340000
bukhari,140,0.240000
bukhari,141,0.380000
bukhari,142,0.440000
bukhari,143,0.260000
bukhari,144,0.300000
bukhari,145,0.360000
bukhari,146,0.380000
bukhari,147,0.280000
bukhari,148,0.280000
bukhari,149,0.300000
bukhari,150,0.220000
bukhari,151,0.300000
bukhari,152,0.280000
bukhari,153,0.340000
bukhari,154,0.380000
bukhari,155,0.380000
bukhari,156,0.420000
bukhari,157,0.280000
bukhari,158,0.320000
bukhari,159,0.320000
bukhari,160,0.320000
bukhari,161,0.300000
bukhari,162,0.400000
bukhari,163,0.300000
bukhari,164,0.300000
bukhari,165,0.360000
bukhari,166,0.400000
bukhari,167,0.260000
bukhari,168,0.280000
bukhari,169,0.300000
bukhari,170,0.380000
bukhari,171,0.340000
bukhari,172,0.440000
bukhari,173,0.280000
bukhari,174,0.420000
bukhari,175,0.340000
bukhari,176,0.320000
bukhari,177,0.200000
bukhari,178,0.300000
bukhari,179,0.360000
bukhari,180,0.320000
bukhari,181,0.380000
bukhari,182,0.320000
bukhari,183,0.380000
bukhari,184,0.400000
bukhari,185,0.460000
bukhari,186,0.260000
bukhari,187,0.300000
bukhari,188,0.220000
bukhari,189,0.280000
bukhari,190,0.300000
bukhari,191,0.220000
bukhari,192,0.240000
bukhari,193,0.280000
bukhari,194,0.320000
bukhari,195,0.320000
bukhari,196,0.280000
bukhari,197,0.300000
bukhari,198,0.340000
bukhari,199,0.300000
bukhari,200,0.200000
bukhari,201,0.220000
bukhari,202,0.320000
bukhari,203,0.280000
bukhari,204,0.280000
bukhari,205,0.280000
bukhari,206,0.300000
bukhari,207,0.340000
bukhari,208,0.400000
bukhari,209,0.340000
bukhari,210,0.320000
bukhari,211,0.480000
bukhari,212,0.380000
bukhari,213,0.260000
bukhari,214,0.300000
bukhari,215,0.380000
bukhari,216,0.340000
bukhari,217,0.420000
bukhari,218,0.420000
bukhari,219,0.340000
bukhari,220,0.380000
bukhari,221,0.380000
bukhari,222,0.420000
bukhari,223,0.320000
bukhari,224,0.360000
bukhari,225,0.280000
bukhari,226,0.300000
bukhari,227,0.300000
bukhari,228,0.300000
bukhari,229,0.360000
bukhari,230,0.340000
bukhari,231,0.300000
bukhari,232,0.180000
bukhari,233,0.300000
bukhari,234,0.260000
bukhari,235,0.320000
bukhari,236,0.500000
bukhari,237,0.300000
bukhari,238,0.320000
bukhari,239,0.400000
bukhari,240,0.240000
bukhari,241,0.260000
bukhari,242,0.360000
bukhari,243,0.120000
bukhari,244,0.380000
bukhari,245,0.380000
bukhari,246,0.360000
bukhari,247,0.320000
bukhari,248,0.260000
bukhari,249,0.340000
bukhari,250,0.320000
bukhari,251,0.440000
bukhari,252,0.240000
bukhari,253,0.360000
bukhari,254,0.400000
bukhari,255,0.420000
bukhari,256,0.380000
bukhari,257,0.420000
bukhari,258,0.460000
bukhari,259,0.340000
bukhari,260,0.380000
bukhari,261,0.340000
bukhari,262,0.360000
bukhari,263,0.360000
bukhari,264,0.260000
bukhari,265,0.320000
bukhari,266,0.260000
bukhari,267,0.320000
bukhari,268,0.320000
bukhari,269,0.540000
bukhari,270,0.360000
bukhari,271,0.300000
bukhari,272,0.340000
bukhari,273,0.300000
bukhari,274,0.320000
bukhari,275,0.360000
bukhari,276,0.420000
bukhari,277,0.320000
bukhari,278,0.260000
bukhari,279,0.340000
bukhari,280,0.340000
bukhari,281,0.440000
bukhari,282,0.360000
bukhari,283,0.480000
bukhari,284,0.320000
bukhari,285,0.400000
bukhari,286,0.400000
bukhari,287,0.360000
bukhari,288,0.460000
bukhari,289,0.360000
bukhari,290,0.400000
bukhari,291,0.300000
bukhari,292,0.360000
bukhari,293,0.300000
bukhari,294,0.240000
bukhari,295,0.400000
bukhari,296,0.360000
bukhari,297,0.420000
bukhari,298,0.360000
bukhari,299,0.400000
bukhari,300,0.300000
bukhari,301,0.380000
bukhari,302,0.320000
bukhari,303,0.380000
bukhari,304,0.360000
bukhari,305,0.340000
bukhari,306,0.200000
bukhari,307,0.320000
bukhari,308,0.380000
bukhari,309,0.160000
bukhari,310,0.300000
bukhari,311,0.340000
bukhari,312,0.340000
bukhari,313,0.340000
bukhari,314,0.300000
bukhari,315,0.360000
bukhari,316,0.300000
bukhari,317,0.300000
bukhari,318,0.280000
bukhari,319,0.360000
bukhari,320,0.300000
bukhari,321,0.280000
bukhari,322,0.180000
bukhari,323,0.160000
bukhari,324,0.280000
bukhari,325,0.420000
bukhari,326,0.360000
bukhari,327,0.400000
bukhari,328,0.340000
bukhari,329,0.300000
bukhari,330,0.340000
bukhari,331,0.300000
bukhari,332,0.300000
bukhari,333,0.300000
bukhari,334,0.300000
bukhari,335,0.300000
bukhari,336,0.280000
bukhari,337,0.220000
bukhari,338,0.320000
bukhari,339,0.420000
bukhari,340,0.200000
bukhari,341,0.380000
bukhari,342,0.340000
bukhari,343,0.380000
bukhari,344,0.280000
bukhari,345,0.240000
bukhari,346,0.320000
bukhari,347,0.340000
bukhari,348,0.220000
bukhari,349,0.240000
bukhari,350,0.320000
bukhari,351,0.500000
bukhari,352,0.300000
bukhari,353,0.420000
bukhari,354,0.380000
bukhari,355,0.400000
bukhari,356,0.360000
bukhari,357,0.280000
bukhari,358,0.440000
bukhari,359,0.300000
bukhari,360,0.320000
bukhari,361,0.220000
bukhari,362,0.400000
bukhari,363,0.320000
bukhari,364,0.380000
bukhari,365,0.360000
bukhari,366,0.320000
bukhari,367,0.400000
bukhari,368,0.360000
bukhari,369,0.340000
bukhari,370,0.340000
bukhari,371,0.300000
bukhari,372,0.280000
bukhari,373,0.380000
bukhari,374,0.340000
bukhari,375,0.420000
bukhari,376,0.500000
bukhari,377,0.420000
bukhari,378,0.260000
bukhari,379,0.300000
bukhari,380,0.320000
bukhari,381,0.220000
bukhari,382,0.240000
bukhari,383,0.340000
bukhari,384,0.280000
bukhari,385,0.400000
bukhari,386,0.380000
bukhari,387,0.320000
bukhari,388,0.240000
bukhari,389,0.300000
bukhari,390,0.340000
bukhari,391,0.340000
bukhari,392,0.420000
bukhari,393,0.380000
bukhari,394,0.340000
bukhari,395,0.380000
bukhari,396,0.340000
bukhari,397,0.260000
bukhari,398,0.520000
bukhari,399,0.280000
bukhari,400,0.300000
bukhari,401,0.300000
bukhari,402,0.320000
bukhari,403,0.360000
bukhari,404,0.380000
bukhari,405,0.320000
bukhari,406,0.360000
bukhari,407,0.280000
bukhari,408,0.420000
bukhari,409,0.360000
bukhari,410,0.340000
bukhari,411,0.260000
bukhari,412,0.380000
bukhari,413,0.260000
bukhari,414,0.340000
bukhari,415,0.300000
bukhari,416,0.400000
bukhari,417,0.440000
bukhari,418,0.300000
bukhari,419,0.340000
bukhari,420,0.360000
bukhari,421,0.340000
bukhari,422,0.420000
bukhari,423,0.400000
bukhari,424,0.280000
bukhari,425,0.300000
bukhari,426,0.380000
bukhari,427,0.360000
bukhari,428,0.360000
bukhari,429,0.260000
bukhari,430,0.320000
bukhari,431,0.320000
bukhari,432,0.320000
bukhari,433,0.220000
bukhari,434,0.360000
bukhari,435,0.160000
bukhari,436,0.320000
bukhari,437,0.340000
bukhari,438,0.240000
bukhari,439,0.240000
bukhari,440,0.320000
bukhari,441,0.380000
bukhari,442,0.380000
bukhari,443,0.340000
bukhari,444,0.280000
bukhari,445,0.360000
bukhari,446,0.280000
bukhari,447,0.260000
bukhari,448,0.400000
bukhari,449,0.400000
bukhari,450,0.380000
bukhari,451,0.400000
bukhari,452,0.500000
bukhari,453,0.260000
bukhari,454,0.420000
bukhari,455,0.300000
bukhari,456,0.240000
bukhari,457,0.260000
bukhari,458,0.340000
bukhari,459,0.300000
bukhari,460,0.380000
bukhari,461,0.340000
bukhari,462,0.300000
bukhari,463,0.300000
bukhari,464,0.320000
bukhari,465,0.280000
bukhari,466,0.380000
bukhari,467,0.260000
bukhari,468,0.280000
bukhari,469,0.340000
bukhari,470,0.300000
bukhari,471,0.380000
bukhari,472,0.380000
bukhari,473,0.400000
bukhari,474,0.260000
bukhari,475,0.200000
bukhari,476,0.260000
bukhari,477,0.260000
bukhari,478,0.340000
bukhari,479,0.360000
bukhari,480,0.380000
bukhari,481,0.320000
bukhari,482,0.320000
bukhari,483,0.180000
bukhari,484,0.300000
bukhari,485,0.340000
bukhari,486,0.200000
bukhari,487,0.300000
bukhari,488,0.380000
bukhari,489,0.240000
bukhari,490,0.420000
bukhari,491,0.460000
bukhari,492,0.260000
bukhari,493,0.300000
bukhari,494,0.200000
bukhari,495,0.400000
bukhari,496,0.280000
bukhari,497,0.300000
bukhari,498,0.260000
bukhari,499,0.300000
bukhari,500,0.240000
bukhari,501,0.360000
bukhari,502,0.260000
bukhari,503,0.300000
bukhari,504,0.340000
bukhari,505,0.300000
bukhari,506,0.300000
bukhari,507,0.380000
bukhari,508,0.300000
bukhari,509,0.340000
bukhari,510,0.360000
bukhari,511,0.380000
bukhari,512,0.400000
bukhari,513,0.320000
bukhari,514,0.240000
bukhari,515,0.380000
bukhari,516,0.340000
bukhari,517,0.440000
bukhari,518,0.300000
bukhari,519,0.240000
bukhari,520,0.220000
bukhari,521,0.360000
bukhari,522,0.200000
bukhari,523,0.300000
bukhari,524,0.440000
bukhari,525,0.280000
bukhari,526,0.260000
bukhari,527,0.360000
bukhari,528,0.260000
bukhari,529,0.340000
bukhari,530,0.260000
bukhari,531,0.180000
bukhari,532,0.240000
bukhari,533,0.260000
bukhari,534,0.360000
bukhari,535,0.320000
bukhari,536,0.300000
bukhari,537,0.320000
bukhari,538,0.460000
bukhari,539,0.360000
bukhari,540,0.260000
bukhari,541,0.380000
bukhari,542,0.380000
bukhari,543,0.260000
bukhari,544,0.340000
bukhari,545,0.400000
bukhari,546,0.360000
bukhari,547,0.360000
bukhari,548,0.400000
bukhari,549,0.260000
bukhari,550,0.340000
bukhari,551,0.280000
bukhari,552,0.300000
bukhari,553,0.360000
bukhari,554,0.320000
bukhari,555,0.360000
bukhari,556,0.320000
bukhari,557,0.320000
bukhari,558,0.280000
bukhari,559,0.340000
bukhari,560,0.380000
bukhari,561,0.480000
bukhari,562,0.320000
bukhari,563,0.360000
bukhari,564,0.360000
bukhari,565,0.320000
bukhari,566,0.400000
bukhari,567,0.300000
bukhari,568,0.400000
bukhari,569,0.340000
bukhari,570,0.280000
bukhari,571,0.240000
bukhari,572,0.400000
bukhari,573,0.440000
bukhari,574,0.320000
bukhari,575,0.300000
bukhari,576,0.280000
bukhari,577,0.360000
bukhari,578,0.380000
bukhari,579,0.360000
bukhari,580,0.400000
bukhari,581,0.280000
bukhari,582,0.360000
bukhari,583,0.280000
bukhari,584,0.320000
bukhari,585,0.260000
bukhari,586,0.260000
bukhari,587,0.240000
bukhari,588,0.400000
bukhari,589,0.380000
bukhari,590,0.340000
bukhari,591,0.400000
bukhari,592,0.340000
bukhari,593,0.460000
bukhari,594,0.360000
bukhari,595,0.280000
bukhari,596,0.400000
bukhari,597,0.420000
bukhari,598,0.340000
bukhari,599,0.240000
bukhari,600,0.380000
bukhari,601,0.440000
bukhari,602,0.380000
bukhari,603,0.280000
bukhari,604,0.340000
bukhari,605,0.380000
bukhari,606,0.360000
bukhari,607,0.300000
bukhari,608,0.280000
bukhari,609,0.400000
bukhari,610,0.300000
bukhari,611,0.240000
bukhari,612,0.380000
bukhari,613,0.340000
bukhari,614,0.280000
bukhari,615,0.340000
bukhari,616,0.320000
bukhari,617,0.380000
bukhari,618,0.360000
bukhari,619,0.360000
bukhari,620,0.200000
bukhari,621,0.400000
bukhari,622,0.360000
bukhari,623,0.360000
bukhari,624,0.380000
bukhari,625,0.260000
bukhari,626,0.380000
bukhari,627,0.420000
bukhari,628,0.460000
bukhari,629,0.340000
bukhari,630,0.280000
bukhari,631,0.360000
bukhari,632,0.420000
bukhari,633,0.440000
bukhari,634,0.360000
bukhari,635,0.400000
bukhari,636,0.440000
bukhari,637,0.340000
bukhari,638,0.420000
bukhari,639,0.400000
bukhari,640,0.360000
bukhari,641,0.380000
bukhari,642,0.320000
bukhari,643,0.340000
bukhari,644,0.340000
bukhari,645,0.160000
bukhari,646,0.280000
bukhari,647,0.300000
bukhari,648,0.320000
bukhari,649,0.220000
bukhari,650,0.380000
bukhari,651,0.240000
bukhari,652,0.360000
bukhari,653,0.380000
bukhari,654,0.340000
bukhari,655,0.280000
bukhari,656,0.460000
bukhari,657,0.340000
bukhari,658,0.360000
bukhari,659,0.240000
bukhari,660,0.400000
bukhari,661,0.260000
bukhari,662,0.320000
bukhari,663,0.360000
bukhari,664,0.240000
bukhari,665,0.260000
bukhari,666,0.280000
bukhari,667,0.300000
bukhari,668,0.280000
bukhari,669,0.260000
bukhari,670,0.320000
bukhari,671,0.280000
bukhari,672,0.340000
bukhari,673,0.260000
bukhari,674,0.280000
bukhari,675,0.460000
bukhari,676,0.340000
bukhari,677,0.300000
bukhari,678,0.420000
bukhari,679,0.160000
bukhari,680,0.180000
bukhari,681,0.360000
bukhari,682,0.340000
bukhari,683,0.220000
bukhari,684,0.340000
bukhari,685,0.280000
bukhari,686,0.280000
bukhari,687,0.260000
bukhari,688,0.380000
bukhari,689,0.320000
bukhari,690,0.360000
bukhari,691,0.320000
bukhari,692,0.380000
bukhari,693,0.340000
bukhari,694,0.380000
bukhari,695,0.380000
bukhari,696,0.280000
bukhari,697,0.340000
bukhari,698,0.380000
bukhari,699,0.160000
bukhari,700,0.340000
bukhari,701,0.280000
bukhari,702,0.320000
bukhari,703,0.260000
bukhari,704,0.340000
bukhari,705,0.380000
bukhari,706,0.200000
bukhari,707,0.280000
bukhari,708,0.360000
bukhari,709,0.340000
bukhari,710,0.300000
bukhari,711,0.340000
bukhari,712,0.480000
bukhari,713,0.460000
bukhari,714,0.320000
bukhari,715,0.400000
bukhari,716,0.360000
bukhari,717,0.320000
bukhari,718,0.200000
bukhari,719,0.340000
bukhari,720,0.280000
bukhari,721,0.260000
bukhari,722,0.360000
bukhari,723,0.260000
bukhari,724,0.420000
bukhari,725,0.360000
bukhari,726,0.320000
bukhari,727,0.200000
bukhari,728,0.260000
bukhari,729,0.220000
bukhari,730,0.440000
bukhari,731,0.260000
bukhari,732,0.340000
bukhari,733,0.300000
bukhari,734,0.280000
bukhari,735,0.260000
bukhari,736,0.320000
bukhari,737,0.400000
bukhari,738,0.340000
bukhari,739,0.300000
bukhari,740,0.320000
bukhari,741,0.380000
bukhari,742,0.400000
bukhari,743,0.320000
bukhari,744,0.260000
bukhari,745,0.320000
bukhari,746,0.380000
bukhari,747,0.200000
bukhari,748,0.300000
bukhari,749,0.300000
bukhari,750,0.240000
bukhari,751,0.280000
bukhari,752,0.280000
bukhari,753,0.200000
bukhari,754,0.280000
bukhari,755,0.360000
bukhari,756,0.320000
bukhari,757,0.300000
bukhari,758,0.420000
bukhari,759,0.280000
bukhari,760,0.200000
bukhari,761,0.400000
bukhari,762,0.320000
bukhari,763,0.380000
bukhari,764,0.340000
bukhari,765,0.340000
bukhari,766,0.380000
bukhari,767,0.380000
bukhari,768,0.340000
bukhari,769,0.400000
bukhari,770,0.400000
bukhari,771,0.340000
bukhari,772,0.320000
bukhari,773,0.420000
bukhari,774,0.360000
bukhari,775,0.360000
bukhari,776,0.320000
bukhari,777,0.320000
bukhari,778,0.340000
bukhari,779,0.340000
bukhari,780,0.280000
bukhari,781,0.180000
bukhari,782,0.300000
bukhari,783,0.400000
bukhari,784,0.420000
bukhari,785,0.420000
bukhari,786,0.400000
bukhari,787,0.440000
bukhari,788,0.320000
bukhari,789,0.320000
bukhari,790,0.360000
bukhari,791,0.280000
bukhari,792,0.380000
bukhari,793,0.400000
bukhari,794,0.340000
bukhari,795,0.360000
bukhari,796,0.320000
bukhari,797,0.360000
bukhari,798,0.320000
bukhari,799,0.260000
bukhari,800,0.320000
bukhari,801,0.400000
bukhari,802,0.380000
bukhari,803,0.380000
bukhari,804,0.220000
bukhari,805,0.380000
bukhari,806,0.320000
bukhari,807,0.360000
bukhari,808,0.280000
bukhari,809,0.240000
bukhari,810,0.260000
bukhari,811,0.420000
bukhari,812,0.380000
bukhari,813,0.320000
bukhari,814,0.360000
bukhari,815,0.340000
bukhari,816,0.360000
bukhari,817,0.360000
bukhari,818,0.380000
bukhari,819,0.480000
bukhari,820,0.340000
bukhari,821,0.300000
bukhari,822,0.340000
bukhari,823,0.300000
bukhari,824,0.360000
bukhari,825,0.260000
bukhari,826,0.300000
bukhari,827,0.280000
bukhari,828,0.320000
bukhari,829,0.240000
bukhari,830,0.320000
bukhari,831,0.300000
bukhari,832,0.400000
bukhari,833,0.500000
bukhari,834,0.440000
bukhari,835,0.380000
bukhari,836,0.400000
bukhari,837,0.300000
bukhari,838,0.280000
bukhari,839,0.300000
bukhari,840,0.320000
bukhari,841,0.260000
bukhari,842,0.300000
bukhari,843,0.320000
bukhari,844,0.380000
bukhari,845,0.300000
bukhari,846,0.300000
bukhari,847,0.240000
bukhari,848,0.240000
bukhari,849,0.340000
bukhari,850,0.540000
bukhari,851,0.480000
bukhari,852,0.380000
bukhari,853,0.380000
bukhari,854,0.360000
bukhari,855,0.360000
bukhari,856,0.380000
bukhari,857,0.280000
bukhari,858,0.360000
bukhari,859,0.360000
bukhari,860,0.320000
bukhari,861,0.420000
bukhari,862,0.460000
bukhari,863,0.300000
bukhari,864,0.440000
bukhari,865,0.240000
bukhari,866,0.340000
bukhari,867,0.340000
bukhari,868,0.380000
bukhari,869,0.460000
bukhari,870,0.340000
bukhari,871,0.320000
bukhari,872,0.320000
bukhari,873,0.340000
bukhari,874,0.400000
bukhari,875,0.400000
bukhari,876,0.340000
bukhari,877,0.400000
bukhari,878,0.260000
bukhari,879,0.240000
bukhari,880,0.360000
bukhari,881,0.220000
bukhari,882,0.400000
bukhari,883,0.420000
bukhari,884,0.400000
bukhari,885,0.280000
bukhari,886,0.240000
bukhari,887,0.340000
bukhari,888,0.360000
bukhari,889,0.380000
bukhari,890,0.320000
bukhari,891,0.240000
bukhari,892,0.320000
bukhari,893,0.320000
bukhari,894,0.240000
bukhari,895,0.400000
bukhari,896,0.360000
bukhari,897,0.440000
bukhari,898,0.400000
bukhari,899,0.340000
bukhari,900,0.460000
bukhari,901,0.440000
bukhari,902,0.460000
bukhari,903,0.380000
bukhari,904,0.380000
bukhari,905,0.360000
bukhari,906,0.400000
bukhari,907,0.380000
bukhari,908,0.520000
bukhari,909,0.360000
bukhari,910,0.320000
bukhari,911,0.260000
bukhari,912,0.440000
bukhari,913,0.320000
bukhari,914,0.320000
bukhari,915,0.300000
bukhari,916,0.320000
bukhari,917,0.400000
bukhari,918,0.280000
bukhari,919,0.380000
bukhari,920,0.340000
bukhari,921,0.260000
bukhari,922,0.460000
bukhari,923,0.360000
bukhari,924,0.460000
bukhari,925,0.340000
bukhari,926,0.440000
bukhari,927,0.400000
bukhari,928,0.320000
bukhari,929,0.400000
bukhari,930,0.380000
bukhari,931,0.360000
bukhari,932,0.400000
bukhari,933,0.420000
bukhari,934,0.320000
bukhari,935,0.260000
bukhari,936,0.240000
bukhari,937,0.300000
bukhari,938,0.260000
bukhari,939,0.420000
bukhari,940,0.200000
bukhari,941,0.240000
bukhari,942,0.300000
bukhari,943,0.320000
bukhari,944,0.420000
bukhari,945,0.340000
bukhari,946,0.360000
bukhari,947,0.340000
bukhari,948,0.380000
bukhari,949,0.400000
bukhari,950,0.260000
bukhari,951,0.340000
bukhari,952,0.380000
bukhari,953,0.180000
bukhari,954,0.360000
bukhari,955,0.260000
bukhari,956,0.360000
bukhari,957,0.500000
bukhari,958,0.380000
bukhari,959,0.260000
bukhari,960,0.280000
bukhari,961,0.340000
bukhari,962,0.440000
bukhari,963,0.400000
bukhari,964,0.360000
bukhari,965,0.220000
bukhari,966,0.260000
bukhari,967,0.300000
bukhari,968,0.160000
bukhari,969,0.320000
bukhari,970,0.420000
bukhari,971,0.220000
bukhari,972,0.220000
bukhari,973,0.300000
bukhari,974,0.260000
bukhari,975,0.440000
bukhari,976,0.320000
bukhari,977,0.340000
bukhari,978,0.440000
bukhari,979,0.280000
bukhari,980,0.320000
bukhari,981,0.300000
bukhari,982,0.360000
bukhari,983,0.320000
bukhari,984,0.260000
bukhari,985,0.280000
bukhari,986,0.300000
bukhari,987,0.180000
bukhari,988,0.380000
bukhari,989,0.320000
bukhari,990,0.220000
bukhari,991,0.280000
bukhari,992,0.480000
bukhari,993,0.300000
bukhari,994,0.380000
bukhari,995,0.380000
bukhari,996,0.400000
bukhari,997,0.340000
bukhari,998,0.380000
bukhari,999,0.400000
bukhari,1000,0.360000
bukhari,1001,0.440000
bukhari,1002,0.380000
bukhari,1003,0.440000
bukhari,1004,0.440000
bukhari,1005,0.420000
bukhari,1006,0.340000
bukhari,1007,0.420000
bukhari,1008,0.300000
bukhari,1009,0.300000
bukhari,1010,0.300000
bukhari,1011,0.320000
bukhari,1012,0.460000
bukhari,1013,0.480000
bukhari,1014,0.440000
bukhari,1015,0.260000
bukhari,1016,0.300000
bukhari,1017,0.380000
bukhari,1018,0.320000
bukhari,1019,0.280000
bukhari,1020,0.300000
bukhari,1021,0.280000
bukhari,1022,0.320000
bukhari,1023,0.300000
bukhari,1024,0.380000
bukhari,1025,0.420000
bukhari,1026,0.380000
bukhari,1027,0.300000
bukhari,1028,0.260000
bukhari,1029,0.360000
bukhari,1030,0.360000
bukhari,1031,0.260000
bukhari,1032,0.340000
bukhari,1033,0.320000
bukhari,1034,0.260000
bukhari,1035,0.220000
bukhari,1036,0.360000
bukhari,1037,0.280000
bukhari,1038,0.280000
bukhari,1039,0.300000
bukhari,1040,0.280000
bukhari,1041,0.380000
bukhari,1042,0.400000
bukhari,1043,0.340000
bukhari,1044,0.280000
bukhari,1045,0.340000
bukhari,1046,0.280000
bukhari,1047,0.400000
bukhari,1048,0.380000
bukhari,1049,0.400000
bukhari,1050,0.320000
bukhari,1051,0.380000
bukhari,1052,0.360000
bukhari,1053,0.360000
bukhari,1054,0.340000
bukhari,1055,0.300000
bukhari,1056,0.280000
bukhari,1057,0.300000
bukhari,1058,0.240000
bukhari,1059,0.320000
bukhari,1060,0.360000
bukhari,1061,0.440000
bukhari,1062,0.340000
bukhari,1063,0.220000
bukhari,1064,0.260000
bukhari,1065,0.480000
bukhari,1066,0.380000
bukhari,1067,0.280000
bukhari,1068,0.320000
bukhari,1069,0.420000
bukhari,1070,0.280000
bukhari,1071,0.340000
bukhari,1072,0.440000
bukhari,1073,0.340000
bukhari,1074,0.380000
bukhari,1075,0.380000
bukhari,1076,0.460000
bukhari,1077,0.340000
bukhari,1078,0.320000
bukhari,1079,0.280000
bukhari,1080,0.300000
bukhari,1081,0.380000
bukhari,1082,0.320000
bukhari,1083,0.380000
bukhari,1084,0.320000
bukhari,1085,0.360000
bukhari,1086,0.160000
bukhari,1087,0.340000
bukhari,1088,0.340000
bukhari,1089,0.380000
bukhari,1090,0.360000
bukhari,1091,0.380000
bukhari,1092,0.320000
bukhari,1093,0.400000
bukhari,1094,0.340000
bukhari,1095,0.420000
bukhari,1096,0.280000
bukhari,1097,0.380000
bukhari,1098,0.400000
bukhari,1099,0.280000
bukhari,1100,0.300000
bukhari,1101,0.360000
bukhari,1102,0.200000
bukhari,1103,0.340000
bukhari,1104,0.360000
bukhari,1105,0.400000
bukhari,1106,0.340000
bukhari,1107,0.260000
bukhari,1108,0.360000
bukhari,1109,0.340000
bukhari,1110,0.260000
bukhari,1111,0.360000
bukhari,1112,0.300000
bukhari,1113,0.240000
bukhari,1114,0.280000
bukhari,1115,0.240000
bukhari,1116,0.320000
bukhari,1117,0.300000
bukhari,1118,0.260000
bukhari,1119,0.320000
bukhari,1120,0.300000
bukhari,1121,0.260000
bukhari,1122,0.440000
bukhari,1123,0.340000
bukhari,1124,0.360000
bukhari,1125,0.340000
bukhari,1126,0.360000
bukhari,1127,0.220000
bukhari,1128,0.340000
bukhari,1129,0.260000
bukhari,1130,0.360000
bukhari,1131,0.320000
bukhari,1132,0.320000
bukhari,1133,0.420000
bukhari,1134,0.260000
bukhari,1135,0.360000
bukhari,1136,0.220000
bukhari,1137,0.280000
bukhari,1138,0.380000
bukhari,1139,0.160000
bukhari,1140,0.340000
bukhari,1141,0.200000
bukhari,1142,0.220000
bukhari,1143,0.220000
bukhari,1144,0.320000
bukhari,1145,0.400000
bukhari,1146,0.220000
bukhari,1147,0.320000
bukhari,1148,0.320000
bukhari,1149,0.320000
bukhari,1150,0.320000
bukhari,1151,0.480000
bukhari,1152,0.440000
bukhari,1153,0.380000
bukhari,1154,0.420000
bukhari,1155,0.340000
bukhari,1156,0.280000
bukhari,1157,0.300000
bukhari,1158,0.380000
bukhari,1159,0.340000
bukhari,1160,0.280000
bukhari,1161,0.440000
bukhari,1162,0.280000
bukhari,1163,0.380000
bukhari,1164,0.220000
bukhari,1165,0.340000
bukhari,1166,0.260000
bukhari,1167,0.340000
bukhari,1168,0.300000
bukhari,1169,0.260000
bukhari,1170,0.260000
bukhari,1171,0.320000
bukhari,1172,0.360000
bukhari,1173,0.300000
bukhari,1174,0.380000
bukhari,1175,0.240000
bukhari,1176,0.260000
bukhari,1177,0.280000
bukhari,1178,0.340000
bukhari,1179,0.340000
bukhari,1180,0.300000
bukhari,1181,0.320000
bukhari,1182,0.220000
bukhari,1183,0.260000
bukhari,1184,0.320000
bukhari,1185,0.360000
bukhari,1186,0.420000
bukhari,1187,0.220000
bukhari,1188,0.340000
bukhari,1189,0.280000
bukhari,1190,0.360000
bukhari,1191,0.340000
bukhari,1192,0.280000
bukhari,1193,0.400000
bukhari,1194,0.440000
bukhari,1195,0.300000
bukhari,1196,0.220000
bukhari,1197,0.400000
bukhari,1198,0.340000
bukhari,1199,0.420000
bukhari,1200,0.300000
bukhari,1201,0.400000
bukhari,1202,0.320000
bukhari,1203,0.260000
bukhari,1204,0.300000
bukhari,1205,0.420000
bukhari,1206,0.360000
bukhari,1207,0.220000
bukhari,1208,0.260000
bukhari,1209,0.340000
bukhari,1210,0.280000
bukhari,1211,0.380000
bukhari,1212,0.400000
bukhari,1213,0.340000
bukhari,1214,0.360000
bukhari,1215,0.280000
bukhari,1216,0.320000
bukhari,1217,0.380000
bukhari,1218,0.340000
bukhari,1219,0.320000
bukhari,1220,0.380000
bukhari,1221,0.320000
bukhari,1222,0.400000
bukhari,1223,0.240000
bukhari,1224,0.440000
bukhari,1225,0.340000
bukhari,1226,0.400000
bukhari,1227,0.320000
bukhari,1228,0.400000
bukhari,1229,0.420000
bukhari,1230,0.320000
bukhari,1231,0.360000
bukhari,1232,0.320000
bukhari,1233,0.380000
bukhari,1234,0.400000
bukhari,1235,0.380000
bukhari,1236,0.360000
bukhari,1237,0.400000
bukhari,1238,0.160000
bukhari,1239,0.300000
bukhari,1240,0.240000
bukhari,1241,0.320000
bukhari,1242,0.320000
bukhari,1243,0.220000
bukhari,1244,0.420000
bukhari,1245,0.400000
bukhari,1246,0.340000
bukhari,1247,0.340000
bukhari,1248,0.300000
bukhari,1249,0.280000
bukhari,1250,0.320000
bukhari,1251,0.240000
bukhari,1252,0.240000
bukhari,1253,0.360000
bukhari,1254,0.280000
bukhari,1255,0.280000
bukhari,1256,0.320000
bukhari,1257,0.300000
bukhari,1258,0.320000
bukhari,1259,0.260000
bukhari,1260,0.380000
bukhari,1261,0.380000
bukhari,1262,0.340000
bukhari,1263,0.320000
bukhari,1264,0.280000
bukhari,1265,0.300000
bukhari,1266,0.360000
bukhari,1267,0.320000
bukhari,1268,0.260000
bukhari,1269,0.360000
bukhari,1270,0.340000
bukhari,1271,0.280000
bukhari,1272,0.360000
bukhari,1273,0.340000
bukhari,1274,0.280000
bukhari,1275,0.360000
bukhari,1276,0.260000
bukhari,1277,0.400000
bukhari,1278,0.360000
bukhari,1279,0.380000
bukhari,1280,0.400000
bukhari,1281,0.340000
bukhari,1282,0.220000
bukhari,1283,0.340000
bukhari,1284,0.300000
bukhari,1285,0.280000
bukhari,1286,0.400000
bukhari,1287,0.360000
bukhari,1288,0.440000
bukhari,1289,0.420000
bukhari,1290,0.300000
bukhari,1291,0.300000
bukhari,1292,0.240000
bukhari,1293,0.260000
bukhari,1294,0.300000
bukhari,1295,0.300000
bukhari,1296,0.440000
bukhari,1297,0.440000
bukhari,1298,0.260000
bukhari,1299,0.260000
bukhari,1300,0.420000
bukhari,1301,0.520000
bukhari,1302,0.340000
bukhari,1303,0.280000
bukhari,1304,0.520000
bukhari,1305,0.280000
bukhari,1306,0.360000
bukhari,1307,0.460000
bukhari,1308,0.360000
bukhari,1309,0.380000
bukhari,1310,0.480000
bukhari,1311,0.400000
bukhari,1312,0.340000
bukhari,1313,0.360000
bukhari,1314,0.460000
bukhari,1315,0.460000
bukhari,1316,0.320000
bukhari,1317,0.280000
bukhari,1318,0.300000
bukhari,1319,0.300000
bukhari,1320,0.400000
bukhari,1321,0.360000
bukhari,1322,0.420000
bukhari,1323,0.340000
bukhari,1324,0.280000
bukhari,1325,0.460000
bukhari,1326,0.340000
bukhari,1327,0.300000
bukhari,1328,0.257143
muallaqat,1,0.300000
muallaqat,2,0.300000
muallaqat,3,0.360000
muallaqat,4,0.300000
muallaqat,5,0.300000
muallaqat,6,0.240000
muallaqat,7,0.320000
muallaqat,8,0.260000
muallaqat,9,0.260000
muallaqat,10,0.220000
muallaqat,11,0.420000
muallaqat,12,0.280000
muallaqat,13,0.360000
muallaqat,14,0.200000
muallaqat,15,0.180000
muallaqat,16,0.238095
futuhat,1,0.266667
futuhat,2,0.300000
futuhat,3,0.319149
futuhat,4,0.200000
futuhat,5,0.380000
futuhat,6,0.400000
futuhat,7,0.420000
futuhat,8,0.360000
futuhat,9,0.280000
futuhat,10,0.533333
futuhat,11,0.340000
futuhat,12,0.480000
futuhat,13,0.320000
futuhat,14,0.360000
futuhat,15,0.220000
futuhat,16,0.400000
futuhat,17,0.300000
futuhat,18,0.300000
futuhat,19,0.600000
futuhat,20,0.280000
futuhat,21,0.320000
futuhat,22,0.280000
futuhat,23,0.480000
futuhat,24,0.420000
futuhat,25,0.408163
futuhat,26,0.520000
futuhat,27,0.400000
futuhat,28,0.360000
futuhat,29,0.340000
futuhat,30,0.280000
futuhat,31,0.320000
futuhat,32,0.460000
futuhat,33,0.420000
futuhat,34,0.340000
futuhat,35,0.280000
futuhat,36,0.360000
futuhat,37,0.380000
futuhat,38,0.380000
futuhat,39,0.440000
futuhat,40,0.240000
futuhat,41,0.440000
futuhat,42,0.440000
futuhat,43,0.280000
futuhat,44,0.340000
futuhat,45,0.340000
futuhat,46,0.440000
futuhat,47,0.280000
futuhat,48,0.380000
futuhat,49,0.380000
futuhat,50,0.440000
futuhat,51,0.340000
futuhat,52,0.510204
futuhat,53,0.260000
futuhat,54,0.240000
futuhat,55,0.367347
futuhat,56,0.320000
futuhat,57,0.340000
futuhat,58,0.260000
futuhat,59,0.360000
futuhat,60,0.340000
futuhat,61,0.469388
futuhat,62,0.320000
futuhat,63,0.480000
futuhat,64,0.200000
futuhat,65,0.300000
futuhat,66,0.440000
futuhat,67,0.400000
futuhat,68,0.340000
futuhat,69,0.280000
futuhat,70,0.333333
futuhat,71,0.300000
futuhat,72,0.340000
futuhat,73,0.260000
futuhat,74,0.240000
futuhat,75,0.428571
futuhat,76,0.460000
futuhat,77,0.320000
futuhat,78,0.428571
futuhat,79,0.500000
futuhat,80,0.300000
futuhat,81,0.320000
futuhat,82,0.260000
futuhat,83,0.340000
futuhat,84,0.260000
futuhat,85,0.380000
futuhat,86,0.360000
futuhat,87,0.340000
futuhat,88,0.400000
futuhat,89,0.360000
futuhat,90,0.260000
futuhat,91,0.280000
futuhat,92,0.340000
futuhat,93,0.420000
futuhat,94,0.420000
futuhat,95,0.300000
futuhat,96,0.300000
futuhat,97,0.387755
futuhat,98,0.340000
futuhat,99,0.420000
futuhat,100,0.380000
futuhat,101,0.320000
futuhat,102,0.360000
futuhat,103,0.260000
futuhat,104,0.300000
futuhat,105,0.220000
futuhat,106,0.260000
futuhat,107,0.320000
futuhat,108,0.280000
futuhat,109,0.400000
futuhat,110,0.320000
futuhat,111,0.280000
futuhat,112,0.340000
futuhat,113,0.360000
futuhat,114,0.469388
futuhat,115,0.280000
futuhat,116,0.480000
futuhat,117,0.400000
futuhat,118,0.340000
futuhat,119,0.340000
futuhat,120,0.480000
futuhat,121,0.420000
futuhat,122,0.320000
futuhat,123,0.380000
futuhat,124,0.240000
futuhat,125,0.480000
futuhat,126,0.340000
futuhat,127,0.320000
futuhat,128,0.306122
futuhat,129,0.340000
futuhat,130,0.400000
futuhat,131,0.400000
futuhat,132,0.380000
futuhat,133,0.300000
futuhat,134,0.260000
futuhat,135,0.560000
futuhat,136,0.580000
futuhat,137,0.360000
futuhat,138,0.380000
futuhat,139,0.440000
futuhat,140,0.420000
futuhat,141,0.200000
futuhat,142,0.340000
futuhat,143,0.320000
futuhat,144,0.285714
futuhat,145,0.240000
futuhat,146,0.420000
futuhat,147,0.380000
futuhat,148,0.300000
futuhat,149,0.200000
futuhat,150,0.440000
futuhat,151,0.204082
futuhat,152,0.300000
futuhat,153,0.280000
futuhat,154,0.400000
futuhat,155,0.440000
futuhat,156,0.240000
futuhat,157,0.280000
futuhat,158,0.380000
futuhat,159,0.440000
futuhat,160,0.400000
futuhat,161,0.320000
futuhat,162,0.320000
futuhat,163,0.420000
futuhat,164,0.540000
futuhat,165,0.340000
futuhat,166,0.326531
futuhat,167,0.367347
futuhat,168,0.320000
futuhat,169,0.380000
futuhat,170,0.448980
futuhat,171,0.553191
futuhat,172,0.300000
futuhat,173,0.340000
futuhat,174,0.380000
futuhat,175,0.380000
futuhat,176,0.320000
futuhat,177,0.240000
futuhat,178,0.440000
futuhat,179,0.500000
futuhat,180,0.400000
futuhat,181,0.360000
futuhat,182,0.440000
futuhat,183,0.440000
futuhat,184,0.420000
futuhat,185,0.400000
futuhat,186,0.367347
futuhat,187,0.420000
futuhat,188,0.380000
futuhat,189,0.380000
futuhat,190,0.400000
futuhat,191,0.260000
futuhat,192,0.340000
futuhat,193,0.280000
futuhat,194,0.280000
futuhat,195,0.420000
futuhat,196,0.300000
futuhat,197,0.360000
futuhat,198,0.300000
futuhat,199,0.180000
futuhat,200,0.340000
futuhat,201,0.346939
futuhat,202,0.420000
futuhat,203,0.420000
futuhat,204,0.300000
futuhat,205,0.260000
futuhat,206,0.480000
futuhat,207,0.326531
futuhat,208,0.204082
futuhat,209,0.367347
futuhat,210,0.460000
futuhat,211,0.440000
futuhat,212,0.320000
futuhat,213,0.280000
futuhat,214,0.380000
futuhat,215,0.255319
futuhat,216,0.360000
futuhat,217,0.460000
futuhat,218,0.360000
futuhat,219,0.220000
futuhat,220,0.340000
futuhat,221,0.400000
futuhat,222,0.320000
futuhat,223,0.360000
futuhat,224,0.367347
futuhat,225,0.319149
futuhat,226,0.200000
futuhat,227,0.460000
futuhat,228,0.260000
futuhat,229,0.340000
futuhat,230,0.440000
futuhat,231,0.320000
futuhat,232,0.440000
futuhat,233,0.480000
futuhat,234,0.420000
futuhat,235,0.420000
futuhat,236,0.320000
futuhat,237,0.265306
futuhat,238,0.340000
futuhat,239,0.360000
futuhat,240,0.340000
futuhat,241,0.500000
futuhat,242,0.280000
futuhat,243,0.460000
futuhat,244,0.420000
futuhat,245,0.300000
futuhat,246,0.300000
futuhat,247,0.400000
futuhat,248,0.560000
futuhat,249,0.510204
futuhat,250,0.460000
futuhat,251,0.320000
futuhat,252,0.428571
futuhat,253,0.244898
futuhat,254,0.300000
futuhat,255,0.360000
futuhat,256,0.380000
futuhat,257,0.500000
futuhat,258,0.280000
futuhat,259,0.400000
futuhat,260,0.320000
futuhat,261,0.320000
futuhat,262,0.380000
futuhat,263,0.500000
futuhat,264,0.420000
futuhat,265,0.320000
futuhat,266,0.340000
futuhat,267,0.280000
futuhat,268,0.260000
futuhat,269,0.400000
futuhat,270,0.340000
futuhat,271,0.280000
futuhat,272,0.380000
futuhat,273,0.340000
futuhat,274,0.420000
futuhat,275,0.400000
futuhat,276,0.480000
futuhat,277,0.280000
futuhat,278,0.300000
futuhat,279,0.360000
futuhat,280,0.440000
futuhat,281,0.420000
futuhat,282,0.346939
futuhat,283,0.400000
futuhat,284,0.400000
futuhat,285,0.380000
futuhat,286,0.300000
futuhat,287,0.380000
futuhat,288,0.380000
futuhat,289,0.440000
futuhat,290,0.340000
futuhat,291,0.300000
futuhat,292,0.320000
futuhat,293,0.440000
futuhat,294,0.280000
futuhat,295,0.400000
futuhat,296,0.340000
futuhat,297,0.400000
futuhat,298,0.280000
futuhat,299,0.220000
futuhat,300,0.360000
futuhat,301,0.440000
futuhat,302,0.340000
futuhat,303,0.280000
futuhat,304,0.260000
futuhat,305,0.280000
futuhat,306,0.420000
futuhat,307,0.408163
futuhat,308,0.340000
futuhat,309,0.468085
futuhat,310,0.280000
futuhat,311,0.200000
futuhat,312,0.320000
futuhat,313,0.320000
futuhat,314,0.440000
futuhat,315,0.408163
futuhat,316,0.489796
futuhat,317,0.300000
futuhat,318,0.440000
futuhat,319,0.300000
futuhat,320,0.408163
futuhat,321,0.404255
futuhat,322,0.280000
futuhat,323,0.420000
futuhat,324,0.346939
futuhat,325,0.530612
futuhat,326,0.360000
futuhat,327,0.420000
futuhat,328,0.300000
futuhat,329,0.500000
futuhat,330,0.240000
futuhat,331,0.380000
futuhat,332,0.460000
futuhat,333,0.380000
futuhat,334,0.440000
futuhat,335,0.480000
futuhat,336,0.408163
futuhat,337,0.380000
futuhat,338,0.360000
futuhat,339,0.326531
futuhat,340,0.440000
futuhat,341,0.460000
futuhat,342,0.520000
futuhat,343,0.460000
futuhat,344,0.380000
futuhat,345,0.460000
futuhat,346,0.260000
futuhat,347,0.240000
futuhat,348,0.180000
futuhat,349,0.300000
futuhat,350,0.300000
futuhat,351,0.300000
futuhat,352,0.446809
futuhat,353,0.320000
futuhat,354,0.500000
futuhat,355,0.340426
futuhat,356,0.404255
futuhat,357,0.320000
futuhat,358,0.340000
futuhat,359,0.340000
futuhat,360,0.387755
futuhat,361,0.420000
futuhat,362,0.224490
futuhat,363,0.460000
futuhat,364,0.400000
futuhat,365,0.420000
futuhat,366,0.300000
futuhat,367,0.340000
futuhat,368,0.280000
futuhat,369,0.480000
futuhat,370,0.400000
futuhat,371,0.285714
futuhat,372,0.458333
futuhat,373,0.265306
futuhat,374,0.200000
futuhat,375,0.300000
futuhat,376,0.340000
futuhat,377,0.340000
futuhat,378,0.300000
futuhat,379,0.440000
futuhat,380,0.420000
futuhat,381,0.380000
futuhat,382,0.380000
futuhat,383,0.320000
futuhat,384,0.460000
futuhat,385,0.400000
futuhat,386,0.440000
futuhat,387,0.420000
futuhat,388,0.340000
futuhat,389,0.440000
futuhat,390,0.320000
futuhat,391,0.340000
futuhat,392,0.340000
futuhat,393,0.300000
futuhat,394,0.400000
futuhat,395,0.387755
futuhat,396,0.320000
futuhat,397,0.460000
futuhat,398,0.387755
futuhat,399,0.408163
futuhat,400,0.420000
futuhat,401,0.400000
futuhat,402,0.320000
futuhat,403,0.260000
futuhat,404,0.340000
futuhat,405,0.320000
futuhat,406,0.400000
futuhat,407,0.200000
futuhat,408,0.380000
futuhat,409,0.260000
futuhat,410,0.440000
futuhat,411,0.183673
futuhat,412,0.360000
futuhat,413,0.380000
futuhat,414,0.360000
futuhat,415,0.300000
futuhat,416,0.360000
futuhat,417,0.360000
futuhat,418,0.333333
futuhat,419,0.333333
futuhat,420,0.340000
futuhat,421,0.320000
futuhat,422,0.320000
futuhat,423,0.360000
futuhat,424,0.250000
futuhat,425,0.380000
futuhat,426,0.280000
futuhat,427,0.360000
futuhat,428,0.300000
futuhat,429,0.360000
futuhat,430,0.420000
futuhat,431,0.367347
futuhat,432,0.300000
futuhat,433,0.360000
futuhat,434,0.420000
futuhat,435,0.340000
futuhat,436,0.265306
futuhat,437,0.220000
futuhat,438,0.360000
futuhat,439,0.340000
futuhat,440,0.300000
futuhat,441,0.360000
futuhat,442,0.360000
futuhat,443,0.420000
futuhat,444,0.440000
futuhat,445,0.420000
futuhat,446,0.404255
futuhat,447,0.387755
futuhat,448,0.460000
futuhat,449,0.510204
futuhat,450,0.469388
futuhat,451,0.489796
futuhat,452,0.489796
futuhat,453,0.382979
futuhat,454,0.571429
futuhat,455,0.520000
futuhat,456,0.340000
futuhat,457,0.480000
futuhat,458,0.520000
futuhat,459,0.440000
futuhat,460,0.440000
futuhat,461,0.420000
futuhat,462,0.360000
futuhat,463,0.458333
futuhat,464,0.360000
futuhat,465,0.540000
futuhat,466,0.540000
futuhat,467,0.540000
futuhat,468,0.580000
futuhat,469,0.346939
futuhat,470,0.428571
futuhat,471,0.360000
futuhat,472,0.408163
futuhat,473,0.458333
futuhat,474,0.521739
futuhat,475,0.408163
futuhat,476,0.361702
futuhat,477,0.400000
futuhat,478,0.160000
futuhat,479,0.440000
futuhat,480,0.400000
futuhat,481,0.300000
futuhat,482,0.320000
futuhat,483,0.360000
futuhat,484,0.340000
futuhat,485,0.380000
futuhat,486,0.400000
futuhat,487,0.380000
futuhat,488,0.367347
futuhat,489,0.320000
futuhat,490,0.440000
futuhat,491,0.440000
futuhat,492,0.500000
futuhat,493,0.500000
futuhat,494,0.560000
futuhat,495,0.520000
futuhat,496,0.400000
futuhat,497,0.420000
futuhat,498,0.460000
futuhat,499,0.360000
futuhat,500,0.306122
futuhat,501,0.320000
futuhat,502,0.500000
futuhat,503,0.480000
futuhat,504,0.400000
futuhat,505,0.420000
futuhat,506,0.400000
futuhat,507,0.367347
futuhat,508,0.400000
futuhat,509,0.448980
futuhat,510,0.440000
futuhat,511,0.380000
futuhat,512,0.440000
futuhat,513,0.480000
futuhat,514,0.420000
futuhat,515,0.380000
futuhat,516,0.360000
futuhat,517,0.460000
futuhat,518,0.420000
futuhat,519,0.480000
futuhat,520,0.460000
futuhat,521,0.420000
futuhat,522,0.380000
futuhat,523,0.480000
futuhat,524,0.500000
futuhat,525,0.440000
futuhat,526,0.400000
futuhat,527,0.380000
futuhat,528,0.380000
futuhat,529,0.380000
futuhat,530,0.360000
futuhat,531,0.480000
futuhat,532,0.480000
futuhat,533,0.420000
futuhat,534,0.340000
futuhat,535,0.346939
futuhat,536,0.540000
futuhat,537,0.420000
futuhat,538,0.440000
futuhat,539,0.460000
futuhat,540,0.420000
futuhat,541,0.460000
futuhat,542,0.440000
futuhat,543,0.380000
futuhat,544,0.380000
futuhat,545,0.360000
futuhat,546,0.360000
futuhat,547,0.460000
futuhat,548,0.346939
futuhat,549,0.300000
futuhat,550,0.320000
futuhat,551,0.300000
futuhat,552,0.428571
futuhat,553,0.380000
futuhat,554,0.380000
futuhat,555,0.460000
futuhat,556,0.480000
futuhat,557,0.380000
futuhat,558,0.346939
futuhat,559,0.360000
futuhat,560,0.440000
futuhat,561,0.387755
futuhat,562,0.500000
futuhat,563,0.400000
futuhat,564,0.280000
futuhat,565,0.420000
futuhat,566,0.360000
futuhat,567,0.380000
futuhat,568,0.448980
futuhat,569,0.520000
futuhat,570,0.660000
futuhat,571,0.440000
futuhat,572,0.520000
futuhat,573,0.469388
futuhat,574,0.400000
futuhat,575,0.440000
futuhat,576,0.480000
futuhat,577,0.500000
futuhat,578,0.520000
futuhat,579,0.480000
futuhat,580,0.340000
futuhat,581,0.560000
futuhat,582,0.520000
futuhat,583,0.530612
futuhat,584,0.480000
futuhat,585,0.540000
futuhat,586,0.500000
futuhat,587,0.530612
futuhat,588,0.480000
futuhat,589,0.520000
futuhat,590,0.480000
futuhat,591,0.480000
futuhat,592,0.440000
futuhat,593,0.460000
futuhat,594,0.420000
futuhat,595,0.600000
futuhat,596,0.460000
futuhat,597,0.560000
futuhat,598,0.500000
futuhat,599,0.620000
futuhat,600,0.600000
futuhat,601,0.440000
futuhat,602,0.460000
futuhat,603,0.510204
futuhat,604,0.320000
futuhat,605,0.380000
futuhat,606,0.140000
futuhat,607,0.400000
futuhat,608,0.260000
futuhat,609,0.270833
futuhat,610,0.480000
futuhat,611,0.280000
futuhat,612,0.380000
futuhat,613,0.360000
futuhat,614,0.360000
futuhat,615,0.320000
futuhat,616,0.440000
futuhat,617,0.300000
futuhat,618,0.340000
futuhat,619,0.380000
futuhat,620,0.280000
futuhat,621,0.260000
futuhat,622,0.380000
futuhat,623,0.280000
futuhat,624,0.420000
futuhat,625,0.460000
futuhat,626,0.320000
futuhat,627,0.204082
futuhat,628,0.428571
futuhat,629,0.326531
futuhat,630,0.380000
futuhat,631,0.360000
futuhat,632,0.340000
futuhat,633,0.320000
futuhat,634,0.440000
futuhat,635,0.280000
futuhat,636,0.380000
futuhat,637,0.420000
futuhat,638,0.540000
futuhat,639,0.320000
futuhat,640,0.360000
futuhat,641,0.280000
futuhat,642,0.340000
futuhat,643,0.340000
futuhat,644,0.180000
futuhat,645,0.300000
futuhat,646,0.440000
futuhat,647,0.280000
futuhat,648,0.220000
futuhat,649,0.380000
futuhat,650,0.280000
futuhat,651,0.320000
futuhat,652,0.180000
futuhat,653,0.240000
futuhat,654,0.260000
futuhat,655,0.460000
futuhat,656,0.220000
futuhat,657,0.340000
futuhat,658,0.280000
futuhat,659,0.440000
futuhat,660,0.320000
futuhat,661,0.320000
futuhat,662,0.360000
futuhat,663,0.180000
futuhat,664,0.280000
futuhat,665,0.340000
futuhat,666,0.220000
futuhat,667,0.440000
futuhat,668,0.204082
futuhat,669,0.300000
futuhat,670,0.285714
futuhat,671,0.360000
futuhat,672,0.480000
futuhat,673,0.360000
futuhat,674,0.300000
futuhat,675,0.340000
futuhat,676,0.400000
futuhat,677,0.360000
futuhat,678,0.340000
futuhat,679,0.460000
futuhat,680,0.280000
futuhat,681,0.420000
futuhat,682,0.380000
futuhat,683,0.420000
futuhat,684,0.380000
futuhat,685,0.480000
futuhat,686,0.380000
futuhat,687,0.420000
futuhat,688,0.220000
futuhat,689,0.367347
futuhat,690,0.260000
futuhat,691,0.340000
futuhat,692,0.320000
futuhat,693,0.265306
futuhat,694,0.460000
futuhat,695,0.285714
futuhat,696,0.240000
futuhat,697,0.080000
futuhat,698,0.320000
futuhat,699,0.440000
futuhat,700,0.360000
futuhat,701,0.300000
futuhat,702,0.280000
futuhat,703,0.260000
futuhat,704,0.340000
futuhat,705,0.340000
futuhat,706,0.500000
futuhat,707,0.300000
futuhat,708,0.360000
futuhat,709,0.420000
futuhat,710,0.380000
futuhat,711,0.400000
futuhat,712,0.285714
futuhat,713,0.265306
futuhat,714,0.480000
futuhat,715,0.500000
futuhat,716,0.500000
futuhat,717,0.320000
futuhat,718,0.500000
futuhat,719,0.420000
futuhat,720,0.440000
futuhat,721,0.300000
futuhat,722,0.340000
futuhat,723,0.300000
futuhat,724,0.300000
futuhat,725,0.260000
futuhat,726,0.360000
futuhat,727,0.420000
futuhat,728,0.346939
futuhat,729,0.265306
futuhat,730,0.320000
futuhat,731,0.375000
futuhat,732,0.360000
futuhat,733,0.480000
futuhat,734,0.460000
futuhat,735,0.387755
futuhat,736,0.367347
futuhat,737,0.280000
futuhat,738,0.346939
futuhat,739,0.420000
futuhat,740,0.346939
futuhat,741,0.360000
futuhat,742,0.380000
futuhat,743,0.408163
futuhat,744,0.320000
futuhat,745,0.420000
futuhat,746,0.300000
futuhat,747,0.400000
futuhat,748,0.340000
futuhat,749,0.260000
futuhat,750,0.400000
futuhat,751,0.260000
futuhat,752,0.224490
futuhat,753,0.360000
futuhat,754,0.380000
futuhat,755,0.320000
futuhat,756,0.300000
futuhat,757,0.320000
futuhat,758,0.400000
futuhat,759,0.340000
futuhat,760,0.260000
futuhat,761,0.140000
futuhat,762,0.340000
futuhat,763,0.340000
futuhat,764,0.220000
futuhat,765,0.200000
futuhat,766,0.440000
futuhat,767,0.260000
futuhat,768,0.326531
futuhat,769,0.340000
futuhat,770,0.408163
futuhat,771,0.360000
futuhat,772,0.260000
futuhat,773,0.469388
futuhat,774,0.260000
futuhat,775,0.285714
futuhat,776,0.520000
futuhat,777,0.360000
futuhat,778,0.346939
futuhat,779,0.326531
futuhat,780,0.280000
futuhat,781,0.400000
futuhat,782,0.320000
futuhat,783,0.240000
futuhat,784,0.280000
futuhat,785,0.360000
futuhat,786,0.420000
futuhat,787,0.340000
futuhat,788,0.360000
futuhat,789,0.320000
futuhat,790,0.220000
futuhat,791,0.480000
futuhat,792,0.360000
futuhat,793,0.360000
futuhat,794,0.340000
futuhat,795,0.224490
futuhat,796,0.326531
futuhat,797,0.340000
futuhat,798,0.360000
futuhat,799,0.380000
futuhat,800,0.280000
futuhat,801,0.260000
futuhat,802,0.460000
futuhat,803,0.340000
futuhat,804,0.540000
futuhat,805,0.500000
futuhat,806,0.440000
futuhat,807,0.500000
futuhat,808,0.300000
futuhat,809,0.300000
futuhat,810,0.420000
futuhat,811,0.380000
futuhat,812,0.340000
futuhat,813,0.240000
futuhat,814,0.340000
futuhat,815,0.320000
futuhat,816,0.265306
futuhat,817,0.480000
futuhat,818,0.380000
futuhat,819,0.320000
futuhat,820,0.360000
futuhat,821,0.285714
futuhat,822,0.360000
futuhat,823,0.387755
futuhat,824,0.220000
futuhat,825,0.300000
futuhat,826,0.420000
futuhat,827,0.360000
futuhat,828,0.380000
futuhat,829,0.360000
futuhat,830,0.240000
futuhat,831,0.260000
futuhat,832,0.340000
futuhat,833,0.420000
futuhat,834,0.520000
futuhat,835,0.320000
futuhat,836,0.300000
futuhat,837,0.320000
futuhat,838,0.200000
futuhat,839,0.420000
futuhat,840,0.420000
futuhat,841,0.420000
futuhat,842,0.360000
futuhat,843,0.420000
futuhat,844,0.320000
futuhat,845,0.440000
futuhat,846,0.180000
futuhat,847,0.244898
futuhat,848,0.400000
futuhat,849,0.285714
futuhat,850,0.280000
futuhat,851,0.300000
futuhat,852,0.291667
futuhat,853,0.420000
futuhat,854,0.380000
futuhat,855,0.440000
futuhat,856,0.300000
futuhat,857,0.240000
futuhat,858,0.440000
futuhat,859,0.220000
futuhat,860,0.320000
futuhat,861,0.280000
futuhat,862,0.446809
futuhat,863,0.244898
futuhat,864,0.404255
futuhat,865,0.346939
futuhat,866,0.255319
futuhat,867,0.340000
futuhat,868,0.291667
futuhat,869,0.340000
futuhat,870,0.276596
futuhat,871,0.469388
futuhat,872,0.306122
futuhat,873,0.360000
futuhat,874,0.440000
futuhat,875,0.280000
futuhat,876,0.367347
futuhat,877,0.200000
futuhat,878,0.320000
futuhat,879,0.320000
futuhat,880,0.280000
futuhat,881,0.300000
futuhat,882,0.326531
futuhat,883,0.400000
futuhat,884,0.340000
futuhat,885,0.380000
futuhat,886,0.440000
futuhat,887,0.360000
futuhat,888,0.300000
futuhat,889,0.260000
futuhat,890,0.367347
futuhat,891,0.340000
futuhat,892,0.420000
futuhat,893,0.360000
futuhat,894,0.300000
futuhat,895,0.440000
futuhat,896,0.280000
futuhat,897,0.480000
futuhat,898,0.285714
futuhat,899,0.380000
futuhat,900,0.280000
futuhat,901,0.440000
futuhat,902,0.306122
futuhat,903,0.200000
futuhat,904,0.340000
futuhat,905,0.320000
futuhat,906,0.300000
futuhat,907,0.380000
futuhat,908,0.460000
futuhat,909,0.340000
futuhat,910,0.400000
futuhat,911,0.460000
futuhat,912,0.320000
futuhat,913,0.360000
futuhat,914,0.340000
futuhat,915,0.340000
futuhat,916,0.280000
futuhat,917,0.510204
futuhat,918,0.360000
futuhat,919,0.360000
futuhat,920,0.400000
futuhat,921,0.387755
futuhat,922,0.480000
futuhat,923,0.240000
futuhat,924,0.460000
futuhat,925,0.320000
futuhat,926,0.326531
futuhat,927,0.300000
futuhat,928,0.300000
futuhat,929,0.300000
futuhat,930,0.306122
futuhat,931,0.333333
futuhat,932,0.480000
futuhat,933,0.400000
futuhat,934,0.360000
futuhat,935,0.360000
futuhat,936,0.420000
futuhat,937,0.440000
futuhat,938,0.440000
futuhat,939,0.420000
futuhat,940,0.375000
futuhat,941,0.360000
futuhat,942,0.420000
futuhat,943,0.240000
futuhat,944,0.220000
futuhat,945,0.320000
futuhat,946,0.380000
futuhat,947,0.300000
futuhat,948,0.440000
futuhat,949,0.380000
futuhat,950,0.380000
futuhat,951,0.520000
futuhat,952,0.420000
futuhat,953,0.360000
futuhat,954,0.320000
futuhat,955,0.326531
futuhat,956,0.320000
futuhat,957,0.360000
futuhat,958,0.240000
futuhat,959,0.220000
futuhat,960,0.460000
futuhat,961,0.300000
futuhat,962,0.280000
futuhat,963,0.420000
futuhat,964,0.460000
futuhat,965,0.380000
futuhat,966,0.340000
futuhat,967,0.360000
futuhat,968,0.440000
futuhat,969,0.260000
futuhat,970,0.340000
futuhat,971,0.367347
futuhat,972,0.280000
futuhat,973,0.320000
futuhat,974,0.340000
futuhat,975,0.326531
futuhat,976,0.320000
futuhat,977,0.460000
futuhat,978,0.220000
futuhat,979,0.340000
futuhat,980,0.420000
futuhat,981,0.500000
futuhat,982,0.440000
futuhat,983,0.420000
futuhat,984,0.367347
futuhat,985,0.440000
futuhat,986,0.320000
futuhat,987,0.265306
futuhat,988,0.400000
futuhat,989,0.260000
futuhat,990,0.326531
futuhat,991,0.340000
futuhat,992,0.420000
futuhat,993,0.300000
futuhat,994,0.420000
futuhat,995,0.346939
futuhat,996,0.440000
futuhat,997,0.440000
futuhat,998,0.260000
futuhat,999,0.380000
futuhat,1000,0.340000
futuhat,1001,0.420000
futuhat,1002,0.420000
futuhat,1003,0.400000
futuhat,1004,0.400000
futuhat,1005,0.380000
futuhat,1006,0.420000
futuhat,1007,0.340000
futuhat,1008,0.420000
futuhat,1009,0.340000
futuhat,1010,0.320000
futuhat,1011,0.367347
futuhat,1012,0.300000
futuhat,1013,0.420000
futuhat,1014,0.346939
futuhat,1015,0.306122
futuhat,1016,0.500000
futuhat,1017,0.326531
futuhat,1018,0.300000
futuhat,1019,0.260000
futuhat,1020,0.340000
futuhat,1021,0.285714
futuhat,1022,0.400000
futuhat,1023,0.387755
futuhat,1024,0.360000
futuhat,1025,0.480000
futuhat,1026,0.260000
futuhat,1027,0.380000
futuhat,1028,0.437500
futuhat,1029,0.428571
futuhat,1030,0.291667
futuhat,1031,0.510204
futuhat,1032,0.340000
futuhat,1033,0.320000
futuhat,1034,0.420000
futuhat,1035,0.440000
futuhat,1036,0.460000
futuhat,1037,0.360000
futuhat,1038,0.260000
futuhat,1039,0.360000
futuhat,1040,0.340000
futuhat,1041,0.300000
futuhat,1042,0.320000
futuhat,1043,0.400000
futuhat,1044,0.346939
futuhat,1045,0.380000
futuhat,1046,0.340000
futuhat,1047,0.360000
futuhat,1048,0.540000
futuhat,1049,0.340000
futuhat,1050,0.260000
futuhat,1051,0.280000
futuhat,1052,0.320000
futuhat,1053,0.387755
futuhat,1054,0.400000
futuhat,1055,0.480000
futuhat,1056,0.360000
futuhat,1057,0.260000
futuhat,1058,0.340000
futuhat,1059,0.140000
futuhat,1060,0.280000
futuhat,1061,0.387755
futuhat,1062,0.420000
futuhat,1063,0.400000
futuhat,1064,0.300000
futuhat,1065,0.300000
futuhat,1066,0.460000
futuhat,1067,0.460000
futuhat,1068,0.280000
futuhat,1069,0.440000
futuhat,1070,0.440000
futuhat,1071,0.387755
futuhat,1072,0.320000
futuhat,1073,0.420000
futuhat,1074,0.320000
futuhat,1075,0.340000
futuhat,1076,0.400000
futuhat,1077,0.420000
futuhat,1078,0.280000
futuhat,1079,0.400000
futuhat,1080,0.420000
futuhat,1081,0.285714
futuhat,1082,0.240000
futuhat,1083,0.260000
futuhat,1084,0.244898
futuhat,1085,0.360000
futuhat,1086,0.340000
futuhat,1087,0.460000
futuhat,1088,0.400000
futuhat,1089,0.300000
futuhat,1090,0.387755
futuhat,1091,0.360000
futuhat,1092,0.380000
futuhat,1093,0.300000
futuhat,1094,0.320000
futuhat,1095,0.420000
futuhat,1096,0.240000
futuhat,1097,0.380000
futuhat,1098,0.260000
futuhat,1099,0.400000
futuhat,1100,0.312500
futuhat,1101,0.400000
futuhat,1102,0.300000
futuhat,1103,0.380000
futuhat,1104,0.360000
futuhat,1105,0.312500
futuhat,1106,0.285714
futuhat,1107,0.240000
futuhat,1108,0.360000
futuhat,1109,0.380000
futuhat,1110,0.420000
futuhat,1111,0.346939
futuhat,1112,0.240000
futuhat,1113,0.420000
futuhat,1114,0.440000
futuhat,1115,0.510204
futuhat,1116,0.420000
futuhat,1117,0.340000
futuhat,1118,0.400000
futuhat,1119,0.300000
futuhat,1120,0.460000
futuhat,1121,0.428571
futuhat,1122,0.320000
futuhat,1123,0.375000
futuhat,1124,0.306122
futuhat,1125,0.326531
futuhat,1126,0.413043
futuhat,1127,0.306122
futuhat,1128,0.220000
futuhat,1129,0.380000
futuhat,1130,0.285714
futuhat,1131,0.420000
futuhat,1132,0.360000
futuhat,1133,0.420000
futuhat,1134,0.400000
futuhat,1135,0.460000
futuhat,1136,0.520000
futuhat,1137,0.320000
futuhat,1138,0.480000
futuhat,1139,0.380000
futuhat,1140,0.360000
futuhat,1141,0.500000
futuhat,1142,0.360000
futuhat,1143,0.340000
futuhat,1144,0.420000
futuhat,1145,0.360000
futuhat,1146,0.540000
futuhat,1147,0.300000
futuhat,1148,0.340000
futuhat,1149,0.460000
futuhat,1150,0.340000
futuhat,1151,0.540000
futuhat,1152,0.380000
futuhat,1153,0.420000
futuhat,1154,0.265306
futuhat,1155,0.420000
futuhat,1156,0.480000
futuhat,1157,0.340000
futuhat,1158,0.306122
futuhat,1159,0.244898
futuhat,1160,0.224490
futuhat,1161,0.440000
futuhat,1162,0.375000
futuhat,1163,0.420000
futuhat,1164,0.320000
futuhat,1165,0.306122
futuhat,1166,0.460000
futuhat,1167,0.400000
futuhat,1168,0.367347
futuhat,1169,0.500000
futuhat,1170,0.380000
futuhat,1171,0.285714
futuhat,1172,0.380000
futuhat,1173,0.380000
futuhat,1174,0.395833
futuhat,1175,0.400000
futuhat,1176,0.340000
futuhat,1177,0.480000
futuhat,1178,0.380000
futuhat,1179,0.320000
futuhat,1180,0.420000
futuhat,1181,0.300000
futuhat,1182,0.300000
futuhat,1183,0.360000
futuhat,1184,0.260000
futuhat,1185,0.340000
futuhat,1186,0.460000
futuhat,1187,0.300000
futuhat,1188,0.400000
futuhat,1189,0.340000
futuhat,1190,0.360000
futuhat,1191,0.480000
futuhat,1192,0.300000
futuhat,1193,0.360000
futuhat,1194,0.420000
futuhat,1195,0.380000
futuhat,1196,0.280000
futuhat,1197,0.300000
futuhat,1198,0.400000
futuhat,1199,0.440000
futuhat,1200,0.395833
futuhat,1201,0.440000
futuhat,1202,0.346939
futuhat,1203,0.340000
futuhat,1204,0.320000
futuhat,1205,0.420000
futuhat,1206,0.420000
futuhat,1207,0.240000
futuhat,1208,0.420000
futuhat,1209,0.440000
futuhat,1210,0.360000
futuhat,1211,0.200000
futuhat,1212,0.260000
futuhat,1213,0.460000
futuhat,1214,0.326531
futuhat,1215,0.400000
futuhat,1216,0.480000
futuhat,1217,0.340000
futuhat,1218,0.340000
futuhat,1219,0.400000
futuhat,1220,0.320000
futuhat,1221,0.320000
futuhat,1222,0.400000
futuhat,1223,0.460000
futuhat,1224,0.320000
futuhat,1225,0.300000
futuhat,1226,0.400000
futuhat,1227,0.380000
futuhat,1228,0.420000
futuhat,1229,0.240000
futuhat,1230,0.300000
futuhat,1231,0.300000
futuhat,1232,0.428571
futuhat,1233,0.300000
futuhat,1234,0.400000
futuhat,1235,0.420000
futuhat,1236,0.340000
futuhat,1237,0.300000
futuhat,1238,0.260000
futuhat,1239,0.420000
futuhat,1240,0.480000
futuhat,1241,0.420000
futuhat,1242,0.428571
futuhat,1243,0.480000
futuhat,1244,0.326531
futuhat,1245,0.440000
futuhat,1246,0.380000
futuhat,1247,0.448980
futuhat,1248,0.420000
futuhat,1249,0.340000
futuhat,1250,0.280000
futuhat,1251,0.400000
futuhat,1252,0.183673
futuhat,1253,0.380000
futuhat,1254,0.280000
futuhat,1255,0.360000
futuhat,1256,0.340000
futuhat,1257,0.260000
futuhat,1258,0.300000
futuhat,1259,0.320000
futuhat,1260,0.360000
futuhat,1261,0.400000
futuhat,1262,0.300000
futuhat,1263,0.460000
futuhat,1264,0.400000
futuhat,1265,0.300000
futuhat,1266,0.448980
futuhat,1267,0.354167
futuhat,1268,0.340000
futuhat,1269,0.400000
futuhat,1270,0.460000
futuhat,1271,0.320000
futuhat,1272,0.320000
futuhat,1273,0.320000
futuhat,1274,0.460000
futuhat,1275,0.320000
futuhat,1276,0.420000
futuhat,1277,0.300000
futuhat,1278,0.480000
futuhat,1279,0.360000
futuhat,1280,0.320000
futuhat,1281,0.320000
futuhat,1282,0.240000
futuhat,1283,0.340000
futuhat,1284,0.420000
futuhat,1285,0.460000
futuhat,1286,0.420000
futuhat,1287,0.420000
futuhat,1288,0.400000
futuhat,1289,0.400000
futuhat,1290,0.380000
futuhat,1291,0.440000
futuhat,1292,0.320000
futuhat,1293,0.380000
futuhat,1294,0.420000
futuhat,1295,0.500000
futuhat,1296,0.360000
futuhat,1297,0.560000
futuhat,1298,0.400000
futuhat,1299,0.520000
futuhat,1300,0.340000
futuhat,1301,0.408163
futuhat,1302,0.460000
futuhat,1303,0.340000
futuhat,1304,0.420000
futuhat,1305,0.520000
futuhat,1306,0.380000
futuhat,1307,0.326531
futuhat,1308,0.387755
futuhat,1309,0.320000
futuhat,1310,0.380000
futuhat,1311,0.240000
futuhat,1312,0.360000
futuhat,1313,0.380000
futuhat,1314,0.280000
futuhat,1315,0.320000
futuhat,1316,0.260000
futuhat,1317,0.160000
futuhat,1318,0.260000
futuhat,1319,0.320000
futuhat,1320,0.360000
futuhat,1321,0.306122
futuhat,1322,0.440000
futuhat,1323,0.380000
futuhat,1324,0.280000
futuhat,1325,0.420000
futuhat,1326,0.280000
futuhat,1327,0.280000
futuhat,1328,0.320000
futuhat,1329,0.244898
futuhat,1330,0.183673
futuhat,1331,0.260000
futuhat,1332,0.360000
futuhat,1333,0.280000
futuhat,1334,0.260000
futuhat,1335,0.300000
futuhat,1336,0.300000
futuhat,1337,0.360000
futuhat,1338,0.300000
futuhat,1339,0.360000
futuhat,1340,0.240000
futuhat,1341,0.306122
futuhat,1342,0.320000
futuhat,1343,0.440000
futuhat,1344,0.270833
futuhat,1345,0.440000
futuhat,1346,0.244898
futuhat,1347,0.270833
futuhat,1348,0.340000
futuhat,1349,0.280000
futuhat,1350,0.180000
futuhat,1351,0.540000
futuhat,1352,0.420000
futuhat,1353,0.360000
futuhat,1354,0.420000
futuhat,1355,0.300000
futuhat,1356,0.380000
futuhat,1357,0.408163
futuhat,1358,0.420000
futuhat,1359,0.580000
futuhat,1360,0.420000
futuhat,1361,0.300000
futuhat,1362,0.300000
futuhat,1363,0.367347
futuhat,1364,0.300000
futuhat,1365,0.400000
futuhat,1366,0.320000
futuhat,1367,0.460000
futuhat,1368,0.360000
futuhat,1369,0.240000
futuhat,1370,0.320000
futuhat,1371,0.420000
futuhat,1372,0.460000
futuhat,1373,0.320000
futuhat,1374,0.340000
futuhat,1375,0.437500
futuhat,1376,0.404255
futuhat,1377,0.458333
futuhat,1378,0.408163
futuhat,1379,0.400000
futuhat,1380,0.380000
futuhat,1381,0.420000
futuhat,1382,0.480000
futuhat,1383,0.480000
futuhat,1384,0.320000
futuhat,1385,0.220000
futuhat,1386,0.285714
futuhat,1387,0.340000
futuhat,1388,0.380000
futuhat,1389,0.240000
futuhat,1390,0.300000
futuhat,1391,0.340000
futuhat,1392,0.510204
futuhat,1393,0.480000
futuhat,1394,0.340000
futuhat,1395,0.400000
futuhat,1396,0.400000
futuhat,1397,0.280000
futuhat,1398,0.387755
futuhat,1399,0.200000
futuhat,1400,0.326531
futuhat,1401,0.440000
futuhat,1402,0.420000
futuhat,1403,0.448980
futuhat,1404,0.340000
futuhat,1405,0.326531
futuhat,1406,0.400000
futuhat,1407,0.420000
futuhat,1408,0.361702
futuhat,1409,0.260000
futuhat,1410,0.400000
futuhat,1411,0.260000
futuhat,1412,0.360000
futuhat,1413,0.360000
futuhat,1414,0.360000
futuhat,1415,0.260000
futuhat,1416,0.300000
futuhat,1417,0.300000
futuhat,1418,0.346939
futuhat,1419,0.340000
futuhat,1420,0.440000
futuhat,1421,0.320000
futuhat,1422,0.380000
futuhat,1423,0.420000
futuhat,1424,0.360000
futuhat,1425,0.300000
futuhat,1426,0.440000
futuhat,1427,0.420000
futuhat,1428,0.320000
futuhat,1429,0.420000
futuhat,1430,0.460000
futuhat,1431,0.320000
futuhat,1432,0.500000
futuhat,1433,0.260000
futuhat,1434,0.440000
futuhat,1435,0.360000
futuhat,1436,0.320000
futuhat,1437,0.320000
futuhat,1438,0.180000
futuhat,1439,0.320000
futuhat,1440,0.340000
futuhat,1441,0.300000
futuhat,1442,0.360000
futuhat,1443,0.300000
futuhat,1444,0.460000
futuhat,1445,0.408163
futuhat,1446,0.448980
futuhat,1447,0.320000
futuhat,1448,0.240000
futuhat,1449,0.260000
futuhat,1450,0.440000
futuhat,1451,0.306122
futuhat,1452,0.240000
futuhat,1453,0.320000
futuhat,1454,0.380000
futuhat,1455,0.346939
futuhat,1456,0.380000
futuhat,1457,0.300000
futuhat,1458,0.300000
futuhat,1459,0.340000
futuhat,1460,0.300000
futuhat,1461,0.380000
futuhat,1462,0.420000
futuhat,1463,0.580000
futuhat,1464,0.340000
futuhat,1465,0.340000
futuhat,1466,0.340000
futuhat,1467,0.420000
futuhat,1468,0.500000
futuhat,1469,0.300000
futuhat,1470,0.320000
futuhat,1471,0.240000
futuhat,1472,0.360000
futuhat,1473,0.280000
futuhat,1474,0.300000
futuhat,1475,0.280000
futuhat,1476,0.285714
futuhat,1477,0.380000
futuhat,1478,0.220000
futuhat,1479,0.320000
futuhat,1480,0.380000
futuhat,1481,0.420000
futuhat,1482,0.440000
futuhat,1483,0.320000
futuhat,1484,0.420000
futuhat,1485,0.340000
futuhat,1486,0.360000
futuhat,1487,0.460000
futuhat,1488,0.220000
futuhat,1489,0.380000
futuhat,1490,0.428571
futuhat,1491,0.360000
futuhat,1492,0.380000
futuhat,1493,0.340000
futuhat,1494,0.460000
futuhat,1495,0.260000
futuhat,1496,0.420000
futuhat,1497,0.408163
futuhat,1498,0.428571
futuhat,1499,0.200000
futuhat,1500,0.400000
futuhat,1501,0.320000
futuhat,1502,0.460000
futuhat,1503,0.320000
futuhat,1504,0.500000
futuhat,1505,0.360000
futuhat,1506,0.320000
futuhat,1507,0.260000
futuhat,1508,0.460000
futuhat,1509,0.380000
futuhat,1510,0.420000
futuhat,1511,0.428571
futuhat,1512,0.460000
futuhat,1513,0.360000
futuhat,1514,0.420000
futuhat,1515,0.400000
futuhat,1516,0.346939
futuhat,1517,0.400000
futuhat,1518,0.340000
futuhat,1519,0.340000
futuhat,1520,0.326531
futuhat,1521,0.340000
futuhat,1522,0.260000
futuhat,1523,0.408163
futuhat,1524,0.400000
futuhat,1525,0.346939
futuhat,1526,0.260000
futuhat,1527,0.340000
futuhat,1528,0.540000
futuhat,1529,0.420000
futuhat,1530,0.440000
futuhat,1531,0.360000
futuhat,1532,0.360000
futuhat,1533,0.440000
futuhat,1534,0.469388
futuhat,1535,0.300000
futuhat,1536,0.600000
futuhat,1537,0.380000
futuhat,1538,0.380000
futuhat,1539,0.340000
futuhat,1540,0.320000
futuhat,1541,0.500000
futuhat,1542,0.265306
futuhat,1543,0.380000
futuhat,1544,0.500000
futuhat,1545,0.340000
futuhat,1546,0.420000
futuhat,1547,0.260000
futuhat,1548,0.360000
futuhat,1549,0.480000
futuhat,1550,0.367347
futuhat,1551,0.320000
futuhat,1552,0.320000
futuhat,1553,0.340000
futuhat,1554,0.360000
futuhat,1555,0.326531
futuhat,1556,0.300000
futuhat,1557,0.340000
futuhat,1558,0.489796
futuhat,1559,0.285714
futuhat,1560,0.340000
futuhat,1561,0.420000
futuhat,1562,0.440000
futuhat,1563,0.280000
futuhat,1564,0.320000
futuhat,1565,0.500000
futuhat,1566,0.300000
futuhat,1567,0.340000
futuhat,1568,0.380000
futuhat,1569,0.320000
futuhat,1570,0.440000
futuhat,1571,0.346939
futuhat,1572,0.240000
futuhat,1573,0.300000
futuhat,1574,0.416667
futuhat,1575,0.280000
futuhat,1576,0.367347
futuhat,1577,0.200000
futuhat,1578,0.260000
futuhat,1579,0.380000
futuhat,1580,0.420000
futuhat,1581,0.500000
futuhat,1582,0.320000
futuhat,1583,0.300000
futuhat,1584,0.340000
futuhat,1585,0.375000
futuhat,1586,0.387755
futuhat,1587,0.480000
futuhat,1588,0.510204
futuhat,1589,0.460000
futuhat,1590,0.420000
futuhat,1591,0.320000
futuhat,1592,0.260000
futuhat,1593,0.380000
futuhat,1594,0.360000
futuhat,1595,0.360000
futuhat,1596,0.367347
futuhat,1597,0.380000
futuhat,1598,0.360000
futuhat,1599,0.460000
futuhat,1600,0.280000
futuhat,1601,0.320000
futuhat,1602,0.244898
futuhat,1603,0.320000
futuhat,1604,0.408163
futuhat,1605,0.440000
futuhat,1606,0.340000
futuhat,1607,0.300000
futuhat,1608,0.360000
futuhat,1609,0.360000
futuhat,1610,0.340426
futuhat,1611,0.122449
futuhat,1612,0.326531
futuhat,1613,0.260000
futuhat,1614,0.300000
futuhat,1615,0.420000
futuhat,1616,0.280000
futuhat,1617,0.420000
futuhat,1618,0.300000
futuhat,1619,0.440000
futuhat,1620,0.428571
futuhat,1621,0.480000
futuhat,1622,0.300000
futuhat,1623,0.440000
futuhat,1624,0.360000
futuhat,1625,0.346939
futuhat,1626,0.480000
futuhat,1627,0.440000
futuhat,1628,0.306122
futuhat,1629,0.280000
futuhat,1630,0.320000
futuhat,1631,0.280000
futuhat,1632,0.367347
futuhat,1633,0.320000
futuhat,1634,0.360000
futuhat,1635,0.360000
futuhat,1636,0.346939
futuhat,1637,0.380000
futuhat,1638,0.420000
futuhat,1639,0.326531
futuhat,1640,0.460000
futuhat,1641,0.260000
futuhat,1642,0.460000
futuhat,1643,0.340000
futuhat,1644,0.480000
futuhat,1645,0.326531
futuhat,1646,0.340000
futuhat,1647,0.360000
futuhat,1648,0.400000
futuhat,1649,0.360000
futuhat,1650,0.320000
futuhat,1651,0.460000
futuhat,1652,0.300000
futuhat,1653,0.280000
futuhat,1654,0.380000
futuhat,1655,0.420000
futuhat,1656,0.280000
futuhat,1657,0.387755
futuhat,1658,0.280000
futuhat,1659,0.260000
futuhat,1660,0.320000
futuhat,1661,0.340000
futuhat,1662,0.500000
futuhat,1663,0.340000
futuhat,1664,0.367347
futuhat,1665,0.500000
futuhat,1666,0.333333
futuhat,1667,0.300000
futuhat,1668,0.340000
futuhat,1669,0.340000
futuhat,1670,0.306122
futuhat,1671,0.400000
futuhat,1672,0.340000
futuhat,1673,0.160000
futuhat,1674,0.320000
futuhat,1675,0.300000
futuhat,1676,0.340000
futuhat,1677,0.489796
futuhat,1678,0.400000
futuhat,1679,0.346939
futuhat,1680,0.360000
futuhat,1681,0.380000
futuhat,1682,0.360000
futuhat,1683,0.400000
futuhat,1684,0.360000
futuhat,1685,0.510204
futuhat,1686,0.220000
futuhat,1687,0.440000
futuhat,1688,0.400000
futuhat,1689,0.480000
futuhat,1690,0.360000
futuhat,1691,0.361702
futuhat,1692,0.458333
futuhat,1693,0.360000
futuhat,1694,0.400000
futuhat,1695,0.480000
futuhat,1696,0.367347
futuhat,1697,0.400000
futuhat,1698,0.408163
futuhat,1699,0.400000
futuhat,1700,0.400000
futuhat,1701,0.480000
futuhat,1702,0.360000
futuhat,1703,0.360000
futuhat,1704,0.234043
futuhat,1705,0.354167
futuhat,1706,0.440000
futuhat,1707,0.460000
futuhat,1708,0.340000
futuhat,1709,0.420000
futuhat,1710,0.420000
futuhat,1711,0.320000
futuhat,1712,0.340000
futuhat,1713,0.280000
futuhat,1714,0.244898
futuhat,1715,0.460000
futuhat,1716,0.320000
futuhat,1717,0.340000
futuhat,1718,0.300000
futuhat,1719,0.306122
futuhat,1720,0.280000
futuhat,1721,0.380000
futuhat,1722,0.306122
futuhat,1723,0.200000
futuhat,1724,0.240000
futuhat,1725,0.420000
futuhat,1726,0.400000
futuhat,1727,0.280000
futuhat,1728,0.360000
futuhat,1729,0.360000
futuhat,1730,0.280000
futuhat,1731,0.440000
futuhat,1732,0.280000
futuhat,1733,0.320000
futuhat,1734,0.380000
futuhat,1735,0.183673
futuhat,1736,0.400000
futuhat,1737,0.180000
futuhat,1738,0.440000
futuhat,1739,0.306122
futuhat,1740,0.346939
futuhat,1741,0.285714
futuhat,1742,0.420000
futuhat,1743,0.440000
futuhat,1744,0.320000
futuhat,1745,0.320000
futuhat,1746,0.400000
futuhat,1747,0.340000
futuhat,1748,0.340000
futuhat,1749,0.408163
futuhat,1750,0.440000
futuhat,1751,0.400000
futuhat,1752,0.540000
futuhat,1753,0.400000
futuhat,1754,0.300000
futuhat,1755,0.320000
futuhat,1756,0.400000
futuhat,1757,0.420000
futuhat,1758,0.306122
futuhat,1759,0.270833
futuhat,1760,0.367347
futuhat,1761,0.320000
futuhat,1762,0.400000
futuhat,1763,0.346939
futuhat,1764,0.367347
futuhat,1765,0.360000
futuhat,1766,0.360000
futuhat,1767,0.280000
futuhat,1768,0.400000
futuhat,1769,0.408163
futuhat,1770,0.360000
futuhat,1771,0.520000
futuhat,1772,0.428571
futuhat,1773,0.448980
futuhat,1774,0.428571
futuhat,1775,0.400000
futuhat,1776,0.326531
futuhat,1777,0.220000
futuhat,1778,0.500000
futuhat,1779,0.420000
futuhat,1780,0.265306
futuhat,1781,0.300000
futuhat,1782,0.460000
futuhat,1783,0.360000
futuhat,1784,0.408163
futuhat,1785,0.408163
futuhat,1786,0.122449
futuhat,1787,0.260000
futuhat,1788,0.300000
futuhat,1789,0.326531
futuhat,1790,0.489796
futuhat,1791,0.340000
futuhat,1792,0.400000
futuhat,1793,0.285714
futuhat,1794,0.240000
futuhat,1795,0.300000
futuhat,1796,0.240000
futuhat,1797,0.360000
futuhat,1798,0.408163
futuhat,1799,0.280000
futuhat,1800,0.224490
futuhat,1801,0.340000
futuhat,1802,0.380000
futuhat,1803,0.340000
futuhat,1804,0.400000
futuhat,1805,0.480000
futuhat,1806,0.400000
futuhat,1807,0.300000
futuhat,1808,0.440000
futuhat,1809,0.340000
futuhat,1810,0.280000
futuhat,1811,0.440000
futuhat,1812,0.285714
futuhat,1813,0.440000
futuhat,1814,0.200000
futuhat,1815,0.285714
futuhat,1816,0.380000
futuhat,1817,0.360000
futuhat,1818,0.400000
futuhat,1819,0.360000
futuhat,1820,0.500000
futuhat,1821,0.360000
futuhat,1822,0.340000
futuhat,1823,0.380000
futuhat,1824,0.360000
futuhat,1825,0.408163
futuhat,1826,0.346939
futuhat,1827,0.420000
futuhat,1828,0.280000
futuhat,1829,0.340000
futuhat,1830,0.380000
futuhat,1831,0.400000
futuhat,1832,0.460000
futuhat,1833,0.244898
futuhat,1834,0.380000
futuhat,1835,0.360000
futuhat,1836,0.340000
futuhat,1837,0.180000
futuhat,1838,0.280000
futuhat,1839,0.220000
futuhat,1840,0.460000
futuhat,1841,0.320000
futuhat,1842,0.460000
futuhat,1843,0.280000
futuhat,1844,0.333333
futuhat,1845,0.420000
futuhat,1846,0.440000
futuhat,1847,0.367347
futuhat,1848,0.380000
futuhat,1849,0.320000
futuhat,1850,0.340000
futuhat,1851,0.300000
futuhat,1852,0.285714
futuhat,1853,0.320000
futuhat,1854,0.320000
futuhat,1855,0.312500
futuhat,1856,0.280000
futuhat,1857,0.270833
futuhat,1858,0.420000
futuhat,1859,0.560000
futuhat,1860,0.265306
futuhat,1861,0.400000
futuhat,1862,0.387755
futuhat,1863,0.400000
futuhat,1864,0.320000
futuhat,1865,0.346939
futuhat,1866,0.340000
futuhat,1867,0.420000
futuhat,1868,0.280000
futuhat,1869,0.300000
futuhat,1870,0.420000
futuhat,1871,0.360000
futuhat,1872,0.440000
futuhat,1873,0.400000
futuhat,1874,0.500000
futuhat,1875,0.480000
futuhat,1876,0.420000
futuhat,1877,0.340000
futuhat,1878,0.420000
futuhat,1879,0.320000
futuhat,1880,0.440000
futuhat,1881,0.320000
futuhat,1882,0.382979
futuhat,1883,0.265306
futuhat,1884,0.420000
futuhat,1885,0.380000
futuhat,1886,0.285714
futuhat,1887,0.300000
futuhat,1888,0.260000
futuhat,1889,0.260000
futuhat,1890,0.375000
futuhat,1891,0.400000
futuhat,1892,0.360000
futuhat,1893,0.280000
futuhat,1894,0.300000
futuhat,1895,0.260000
futuhat,1896,0.300000
futuhat,1897,0.320000
futuhat,1898,0.360000
futuhat,1899,0.240000
futuhat,1900,0.244898
futuhat,1901,0.380000
futuhat,1902,0.340000
futuhat,1903,0.340000
futuhat,1904,0.320000
futuhat,1905,0.320000
futuhat,1906,0.340000
futuhat,1907,0.280000
futuhat,1908,0.440000
futuhat,1909,0.440000
futuhat,1910,0.306122
futuhat,1911,0.480000
futuhat,1912,0.320000
futuhat,1913,0.340000
futuhat,1914,0.320000
futuhat,1915,0.346939
futuhat,1916,0.580000
futuhat,1917,0.320000
futuhat,1918,0.387755
futuhat,1919,0.340000
futuhat,1920,0.360000
futuhat,1921,0.420000
futuhat,1922,0.440000
futuhat,1923,0.460000
futuhat,1924,0.500000
futuhat,1925,0.320000
futuhat,1926,0.387755
futuhat,1927,0.460000
futuhat,1928,0.200000
futuhat,1929,0.460000
futuhat,1930,0.360000
futuhat,1931,0.400000
futuhat,1932,0.200000
futuhat,1933,0.320000
futuhat,1934,0.380000
futuhat,1935,0.489796
futuhat,1936,0.400000
futuhat,1937,0.320000
futuhat,1938,0.340000
futuhat,1939,0.460000
futuhat,1940,0.280000
futuhat,1941,0.320000
futuhat,1942,0.300000
futuhat,1943,0.440000
futuhat,1944,0.340000
futuhat,1945,0.420000
futuhat,1946,0.460000
futuhat,1947,0.260000
futuhat,1948,0.380000
futuhat,1949,0.291667
futuhat,1950,0.360000
futuhat,1951,0.380000
futuhat,1952,0.448980
futuhat,1953,0.280000
futuhat,1954,0.320000
futuhat,1955,0.489796
futuhat,1956,0.240000
futuhat,1957,0.400000
futuhat,1958,0.320000
futuhat,1959,0.420000
futuhat,1960,0.340000
futuhat,1961,0.320000
futuhat,1962,0.440000
futuhat,1963,0.280000
futuhat,1964,0.520000
futuhat,1965,0.300000
futuhat,1966,0.320000
futuhat,1967,0.400000
futuhat,1968,0.400000
futuhat,1969,0.440000
futuhat,1970,0.360000
futuhat,1971,0.260000
futuhat,1972,0.320000
futuhat,1973,0.320000
futuhat,1974,0.260000
futuhat,1975,0.420000
futuhat,1976,0.260000
futuhat,1977,0.380000
futuhat,1978,0.428571
futuhat,1979,0.320000
futuhat,1980,0.520000
futuhat,1981,0.480000
futuhat,1982,0.320000
futuhat,1983,0.420000
futuhat,1984,0.380000
futuhat,1985,0.300000
futuhat,1986,0.400000
futuhat,1987,0.367347
futuhat,1988,0.340000
futuhat,1989,0.380000
futuhat,1990,0.280000
futuhat,1991,0.260000
futuhat,1992,0.480000
futuhat,1993,0.420000
futuhat,1994,0.340000
futuhat,1995,0.260000
futuhat,1996,0.340000
futuhat,1997,0.340000
futuhat,1998,0.480000
futuhat,1999,0.400000
futuhat,2000,0.460000
futuhat,2001,0.400000
futuhat,2002,0.420000
futuhat,2003,0.224490
futuhat,2004,0.340000
futuhat,2005,0.300000
futuhat,2006,0.440000
futuhat,2007,0.260000
futuhat,2008,0.420000
futuhat,2009,0.400000
futuhat,2010,0.340000
futuhat,2011,0.440000
futuhat,2012,0.420000
futuhat,2013,0.380000
futuhat,2014,0.367347
futuhat,2015,0.280000
futuhat,2016,0.360000
futuhat,2017,0.428571
futuhat,2018,0.400000
futuhat,2019,0.360000
futuhat,2020,0.285714
futuhat,2021,0.400000
futuhat,2022,0.400000
futuhat,2023,0.360000
futuhat,2024,0.300000
futuhat,2025,0.480000
futuhat,2026,0.300000
futuhat,2027,0.400000
futuhat,2028,0.360000
futuhat,2029,0.400000
futuhat,2030,0.360000
futuhat,2031,0.400000
futuhat,2032,0.340000
futuhat,2033,0.320000
futuhat,2034,0.380000
futuhat,2035,0.361702
futuhat,2036,0.360000
futuhat,2037,0.387755
futuhat,2038,0.340000
futuhat,2039,0.440000
futuhat,2040,0.280000
futuhat,2041,0.280000
futuhat,2042,0.489796
futuhat,2043,0.460000
futuhat,2044,0.340000
futuhat,2045,0.340000
futuhat,2046,0.340000
futuhat,2047,0.220000
futuhat,2048,0.360000
futuhat,2049,0.440000
futuhat,2050,0.520000
futuhat,2051,0.400000
futuhat,2052,0.280000
futuhat,2053,0.380000
futuhat,2054,0.420000
futuhat,2055,0.380000
futuhat,2056,0.400000
futuhat,2057,0.400000
futuhat,2058,0.460000
futuhat,2059,0.340000
futuhat,2060,0.300000
futuhat,2061,0.440000
futuhat,2062,0.360000
futuhat,2063,0.320000
futuhat,2064,0.280000
futuhat,2065,0.180000
futuhat,2066,0.280000
futuhat,2067,0.420000
futuhat,2068,0.340000
futuhat,2069,0.320000
futuhat,2070,0.260000
futuhat,2071,0.340000
futuhat,2072,0.420000
futuhat,2073,0.480000
futuhat,2074,0.260000
futuhat,2075,0.460000
futuhat,2076,0.440000
futuhat,2077,0.620000
futuhat,2078,0.280000
futuhat,2079,0.480000
futuhat,2080,0.480000
futuhat,2081,0.306122
futuhat,2082,0.320000
futuhat,2083,0.280000
futuhat,2084,0.460000
futuhat,2085,0.500000
futuhat,2086,0.360000
futuhat,2087,0.420000
futuhat,2088,0.500000
futuhat,2089,0.340000
futuhat,2090,0.458333
futuhat,2091,0.420000
futuhat,2092,0.360000
futuhat,2093,0.340000
futuhat,2094,0.400000
futuhat,2095,0.540000
futuhat,2096,0.340000
futuhat,2097,0.360000
futuhat,2098,0.420000
futuhat,2099,0.440000
futuhat,2100,0.400000
futuhat,2101,0.380000
futuhat,2102,0.460000
futuhat,2103,0.360000
futuhat,2104,0.360000
futuhat,2105,0.400000
futuhat,2106,0.420000
futuhat,2107,0.380000
futuhat,2108,0.440000
futuhat,2109,0.320000
futuhat,2110,0.280000
futuhat,2111,0.380000
futuhat,2112,0.380000
futuhat,2113,0.360000
futuhat,2114,0.460000
futuhat,2115,0.340000
futuhat,2116,0.300000
futuhat,2117,0.440000
futuhat,2118,0.340000
futuhat,2119,0.300000
futuhat,2120,0.480000
futuhat,2121,0.408163
futuhat,2122,0.380000
futuhat,2123,0.420000
futuhat,2124,0.440000
futuhat,2125,0.360000
futuhat,2126,0.326531
futuhat,2127,0.360000
futuhat,2128,0.460000
futuhat,2129,0.280000
futuhat,2130,0.326531
futuhat,2131,0.400000
futuhat,2132,0.408163
futuhat,2133,0.320000
futuhat,2134,0.204082
futuhat,2135,0.163265
futuhat,2136,0.408163
futuhat,2137,0.250000
futuhat,2138,0.320000
futuhat,2139,0.420000
futuhat,2140,0.380000
futuhat,2141,0.360000
futuhat,2142,0.408163
futuhat,2143,0.380000
futuhat,2144,0.440000
futuhat,2145,0.360000
futuhat,2146,0.440000
futuhat,2147,0.360000
futuhat,2148,0.224490
futuhat,2149,0.380000
futuhat,2150,0.387755
futuhat,2151,0.408163
futuhat,2152,0.300000
futuhat,2153,0.400000
futuhat,2154,0.520000
futuhat,2155,0.360000
futuhat,2156,0.400000
futuhat,2157,0.280000
futuhat,2158,0.480000
futuhat,2159,0.340000
futuhat,2160,0.300000
futuhat,2161,0.420000
futuhat,2162,0.340000
futuhat,2163,0.240000
futuhat,2164,0.346939
futuhat,2165,0.448980
futuhat,2166,0.420000
futuhat,2167,0.416667
futuhat,2168,0.326531
futuhat,2169,0.460000
futuhat,2170,0.408163
futuhat,2171,0.460000
futuhat,2172,0.360000
futuhat,2173,0.320000
futuhat,2174,0.280000
futuhat,2175,0.360000
futuhat,2176,0.400000
futuhat,2177,0.387755
futuhat,2178,0.400000
futuhat,2179,0.460000
futuhat,2180,0.360000
futuhat,2181,0.260000
futuhat,2182,0.291667
futuhat,2183,0.333333
futuhat,2184,0.510204
futuhat,2185,0.229167
futuhat,2186,0.460000
futuhat,2187,0.326531
futuhat,2188,0.380000
futuhat,2189,0.420000
futuhat,2190,0.448980
futuhat,2191,0.360000
futuhat,2192,0.326531
futuhat,2193,0.306122
futuhat,2194,0.280000
futuhat,2195,0.306122
futuhat,2196,0.420000
futuhat,2197,0.520000
futuhat,2198,0.306122
futuhat,2199,0.428571
futuhat,2200,0.360000
futuhat,2201,0.280000
futuhat,2202,0.420000
futuhat,2203,0.320000
futuhat,2204,0.320000
futuhat,2205,0.300000
futuhat,2206,0.420000
futuhat,2207,0.500000
futuhat,2208,0.300000
futuhat,2209,0.428571
futuhat,2210,0.300000
futuhat,2211,0.360000
futuhat,2212,0.428571
futuhat,2213,0.440000
futuhat,2214,0.340000
futuhat,2215,0.320000
futuhat,2216,0.440000
futuhat,2217,0.360000
futuhat,2218,0.420000
futuhat,2219,0.500000
futuhat,2220,0.400000
futuhat,2221,0.380000
futuhat,2222,0.420000
futuhat,2223,0.380000
futuhat,2224,0.360000
futuhat,2225,0.420000
futuhat,2226,0.400000
futuhat,2227,0.280000
futuhat,2228,0.240000
futuhat,2229,0.408163
futuhat,2230,0.360000
futuhat,2231,0.346939
futuhat,2232,0.440000
futuhat,2233,0.300000
futuhat,2234,0.440000
futuhat,2235,0.420000
futuhat,2236,0.360000
futuhat,2237,0.320000
futuhat,2238,0.320000
futuhat,2239,0.240000
futuhat,2240,0.380000
futuhat,2241,0.265306
futuhat,2242,0.360000
futuhat,2243,0.480000
futuhat,2244,0.408163
futuhat,2245,0.300000
futuhat,2246,0.560000
futuhat,2247,0.480000
futuhat,2248,0.400000
futuhat,2249,0.300000
futuhat,2250,0.320000
futuhat,2251,0.280000
futuhat,2252,0.400000
futuhat,2253,0.380000
futuhat,2254,0.448980
futuhat,2255,0.360000
futuhat,2256,0.400000
futuhat,2257,0.265306
futuhat,2258,0.400000
futuhat,2259,0.340000
futuhat,2260,0.460000
futuhat,2261,0.320000
futuhat,2262,0.360000
futuhat,2263,0.300000
futuhat,2264,0.280000
futuhat,2265,0.380000
futuhat,2266,0.250000
futuhat,2267,0.395833
futuhat,2268,0.540000
futuhat,2269,0.320000
futuhat,2270,0.460000
futuhat,2271,0.500000
futuhat,2272,0.340000
futuhat,2273,0.460000
futuhat,2274,0.440000
futuhat,2275,0.416667
futuhat,2276,0.320000
futuhat,2277,0.260000
futuhat,2278,0.360000
futuhat,2279,0.380000
futuhat,2280,0.448980
futuhat,2281,0.380000
futuhat,2282,0.380000
futuhat,2283,0.480000
futuhat,2284,0.400000
futuhat,2285,0.420000
futuhat,2286,0.420000
futuhat,2287,0.260000
futuhat,2288,0.380000
futuhat,2289,0.220000
futuhat,2290,0.460000
futuhat,2291,0.320000
futuhat,2292,0.260000
futuhat,2293,0.340000
futuhat,2294,0.280000
futuhat,2295,0.551020
futuhat,2296,0.340000
futuhat,2297,0.326531
futuhat,2298,0.380000
futuhat,2299,0.320000
futuhat,2300,0.306122
futuhat,2301,0.480000
futuhat,2302,0.340000
futuhat,2303,0.380000
futuhat,2304,0.480000
futuhat,2305,0.320000
futuhat,2306,0.380000
futuhat,2307,0.220000
futuhat,2308,0.380000
futuhat,2309,0.460000
futuhat,2310,0.300000
futuhat,2311,0.346939
futuhat,2312,0.400000
futuhat,2313,0.460000
futuhat,2314,0.400000
futuhat,2315,0.460000
futuhat,2316,0.380000
futuhat,2317,0.320000
futuhat,2318,0.387755
futuhat,2319,0.380000
futuhat,2320,0.260000
futuhat,2321,0.420000
futuhat,2322,0.300000
futuhat,2323,0.400000
futuhat,2324,0.400000
futuhat,2325,0.340000
futuhat,2326,0.265306
futuhat,2327,0.380000
futuhat,2328,0.400000
futuhat,2329,0.360000
futuhat,2330,0.280000
futuhat,2331,0.240000
futuhat,2332,0.387755
futuhat,2333,0.300000
futuhat,2334,0.400000
futuhat,2335,0.440000
futuhat,2336,0.320000
futuhat,2337,0.360000
futuhat,2338,0.340000
futuhat,2339,0.300000
futuhat,2340,0.320000
futuhat,2341,0.480000
futuhat,2342,0.280000
futuhat,2343,0.400000
futuhat,2344,0.420000
futuhat,2345,0.360000
futuhat,2346,0.400000
futuhat,2347,0.260000
futuhat,2348,0.380000
futuhat,2349,0.340000
futuhat,2350,0.320000
futuhat,2351,0.380000
futuhat,2352,0.480000
futuhat,2353,0.480000
futuhat,2354,0.360000
futuhat,2355,0.440000
futuhat,2356,0.340000
futuhat,2357,0.340000
futuhat,2358,0.420000
futuhat,2359,0.380000
futuhat,2360,0.340000
futuhat,2361,0.460000
futuhat,2362,0.400000
futuhat,2363,0.380000
futuhat,2364,0.380000
futuhat,2365,0.380000
futuhat,2366,0.187500
futuhat,2367,0.420000
futuhat,2368,0.200000
futuhat,2369,0.280000
futuhat,2370,0.340000
futuhat,2371,0.400000
futuhat,2372,0.285714
futuhat,2373,0.440000
futuhat,2374,0.520000
futuhat,2375,0.280000
futuhat,2376,0.360000
futuhat,2377,0.440000
futuhat,2378,0.387755
futuhat,2379,0.360000
futuhat,2380,0.440000
futuhat,2381,0.326531
futuhat,2382,0.400000
futuhat,2383,0.400000
futuhat,2384,0.387755
futuhat,2385,0.440000
futuhat,2386,0.280000
futuhat,2387,0.420000
futuhat,2388,0.320000
futuhat,2389,0.400000
futuhat,2390,0.460000
futuhat,2391,0.480000
futuhat,2392,0.380000
futuhat,2393,0.420000
futuhat,2394,0.400000
futuhat,2395,0.260000
futuhat,2396,0.320000
futuhat,2397,0.340000
futuhat,2398,0.320000
futuhat,2399,0.360000
futuhat,2400,0.460000
futuhat,2401,0.400000
futuhat,2402,0.320000
futuhat,2403,0.340000
futuhat,2404,0.200000
futuhat,2405,0.367347
futuhat,2406,0.320000
futuhat,2407,0.540000
futuhat,2408,0.500000
futuhat,2409,0.367347
futuhat,2410,0.240000
futuhat,2411,0.306122
futuhat,2412,0.300000
futuhat,2413,0.260000
futuhat,2414,0.320000
futuhat,2415,0.320000
futuhat,2416,0.408163
futuhat,2417,0.240000
futuhat,2418,0.340000
futuhat,2419,0.340000
futuhat,2420,0.360000
futuhat,2421,0.260000
futuhat,2422,0.300000
futuhat,2423,0.420000
futuhat,2424,0.520000
futuhat,2425,0.300000
futuhat,2426,0.460000
futuhat,2427,0.380000
futuhat,2428,0.320000
futuhat,2429,0.326531
futuhat,2430,0.270833
futuhat,2431,0.380000
futuhat,2432,0.400000
futuhat,2433,0.320000
futuhat,2434,0.380000
futuhat,2435,0.460000
futuhat,2436,0.600000
futuhat,2437,0.408163
futuhat,2438,0.346939
futuhat,2439,0.340000
futuhat,2440,0.460000
futuhat,2441,0.380000
futuhat,2442,0.346939
futuhat,2443,0.380000
futuhat,2444,0.500000
futuhat,2445,0.420000
futuhat,2446,0.380000
futuhat,2447,0.306122
futuhat,2448,0.380000
futuhat,2449,0.440000
futuhat,2450,0.420000
futuhat,2451,0.340000
futuhat,2452,0.320000
futuhat,2453,0.220000
futuhat,2454,0.306122
futuhat,2455,0.320000
futuhat,2456,0.300000
futuhat,2457,0.300000
futuhat,2458,0.469388
futuhat,2459,0.400000
futuhat,2460,0.380000
futuhat,2461,0.320000
futuhat,2462,0.520000
futuhat,2463,0.400000
futuhat,2464,0.440000
futuhat,2465,0.520000
futuhat,2466,0.204082
futuhat,2467,0.240000
futuhat,2468,0.400000
futuhat,2469,0.320000
futuhat,2470,0.240000
futuhat,2471,0.360000
futuhat,2472,0.326531
futuhat,2473,0.300000
futuhat,2474,0.333333
futuhat,2475,0.300000
futuhat,2476,0.320000
futuhat,2477,0.340000
futuhat,2478,0.460000
futuhat,2479,0.300000
futuhat,2480,0.340000
futuhat,2481,0.380000
futuhat,2482,0.340000
futuhat,2483,0.380000
futuhat,2484,0.340000
futuhat,2485,0.420000
futuhat,2486,0.400000
futuhat,2487,0.360000
futuhat,2488,0.440000
futuhat,2489,0.360000
futuhat,2490,0.260000
futuhat,2491,0.360000
futuhat,2492,0.460000
futuhat,2493,0.440000
futuhat,2494,0.360000
futuhat,2495,0.340000
futuhat,2496,0.420000
futuhat,2497,0.285714
futuhat,2498,0.260000
futuhat,2499,0.360000
futuhat,2500,0.380000
futuhat,2501,0.360000
futuhat,2502,0.480000
futuhat,2503,0.480000
futuhat,2504,0.380000
futuhat,2505,0.360000
futuhat,2506,0.420000
futuhat,2507,0.300000
futuhat,2508,0.530612
futuhat,2509,0.300000
futuhat,2510,0.240000
futuhat,2511,0.220000
futuhat,2512,0.260000
futuhat,2513,0.300000
futuhat,2514,0.480000
futuhat,2515,0.340000
futuhat,2516,0.220000
futuhat,2517,0.340000
futuhat,2518,0.260000
futuhat,2519,0.460000
futuhat,2520,0.260000
futuhat,2521,0.240000
futuhat,2522,0.380000
futuhat,2523,0.360000
futuhat,2524,0.382979
futuhat,2525,0.312500
futuhat,2526,0.170213
futuhat,2527,0.319149
futuhat,2528,0.166667
futuhat,2529,0.306122
futuhat,2530,0.489796
futuhat,2531,0.420000
futuhat,2532,0.520000
futuhat,2533,0.340000
futuhat,2534,0.460000
futuhat,2535,0.333333
futuhat,2536,0.369565
futuhat,2537,0.319149
futuhat,2538,0.340000
futuhat,2539,0.291667
futuhat,2540,0.285714
futuhat,2541,0.234043
futuhat,2542,0.400000
futuhat,2543,0.400000
futuhat,2544,0.280000
futuhat,2545,0.340000
futuhat,2546,0.380000
futuhat,2547,0.300000
futuhat,2548,0.306122
futuhat,2549,0.244898
futuhat,2550,0.270833
futuhat,2551,0.285714
futuhat,2552,0.434783
futuhat,2553,0.280000
futuhat,2554,0.434783
futuhat,2555,0.360000
futuhat,2556,0.285714
futuhat,2557,0.395833
futuhat,2558,0.311111
futuhat,2559,0.212766
futuhat,2560,0.448980
futuhat,2561,0.340000
futuhat,2562,0.280000
futuhat,2563,0.400000
futuhat,2564,0.440000
futuhat,2565,0.360000
futuhat,2566,0.420000
futuhat,2567,0.280000
futuhat,2568,0.280000
futuhat,2569,0.340000
futuhat,2570,0.354167
futuhat,2571,0.440000
futuhat,2572,0.446809
futuhat,2573,0.440000
futuhat,2574,0.291667
futuhat,2575,0.448980
futuhat,2576,0.612245
futuhat,2577,0.340000
futuhat,2578,0.420000
futuhat,2579,0.320000
futuhat,2580,0.360000
futuhat,2581,0.400000
futuhat,2582,0.260000
futuhat,2583,0.440000
futuhat,2584,0.440000
futuhat,2585,0.420000
futuhat,2586,0.340000
futuhat,2587,0.420000
futuhat,2588,0.300000
futuhat,2589,0.260000
futuhat,2590,0.380000
futuhat,2591,0.326531
futuhat,2592,0.346939
futuhat,2593,0.562500
futuhat,2594,0.346939
futuhat,2595,0.428571
futuhat,2596,0.340000
futuhat,2597,0.360000
futuhat,2598,0.400000
futuhat,2599,0.300000
futuhat,2600,0.320000
futuhat,2601,0.346939
futuhat,2602,0.320000
futuhat,2603,0.300000
futuhat,2604,0.375000
futuhat,2605,0.440000
futuhat,2606,0.260000
futuhat,2607,0.400000
futuhat,2608,0.340000
futuhat,2609,0.400000
futuhat,2610,0.420000
futuhat,2611,0.260000
futuhat,2612,0.360000
futuhat,2613,0.260000
futuhat,2614,0.340000
futuhat,2615,0.340000
futuhat,2616,0.380000
futuhat,2617,0.469388
futuhat,2618,0.360000
futuhat,2619,0.300000
futuhat,2620,0.346939
futuhat,2621,0.400000
futuhat,2622,0.320000
futuhat,2623,0.360000
futuhat,2624,0.420000
futuhat,2625,0.360000
futuhat,2626,0.240000
futuhat,2627,0.320000
futuhat,2628,0.280000
futuhat,2629,0.460000
futuhat,2630,0.380000
futuhat,2631,0.367347
futuhat,2632,0.346939
futuhat,2633,0.326531
futuhat,2634,0.340000
futuhat,2635,0.360000
futuhat,2636,0.380000
futuhat,2637,0.180000
futuhat,2638,0.265306
futuhat,2639,0.340000
futuhat,2640,0.320000
futuhat,2641,0.360000
futuhat,2642,0.326531
futuhat,2643,0.260000
futuhat,2644,0.320000
futuhat,2645,0.320000
futuhat,2646,0.387755
futuhat,2647,0.340000
futuhat,2648,0.416667
futuhat,2649,0.440000
futuhat,2650,0.340000
futuhat,2651,0.400000
futuhat,2652,0.440000
futuhat,2653,0.340000
futuhat,2654,0.530612
futuhat,2655,0.460000
futuhat,2656,0.300000
futuhat,2657,0.340000
futuhat,2658,0.360000
futuhat,2659,0.360000
futuhat,2660,0.260000
futuhat,2661,0.300000
futuhat,2662,0.380000
futuhat,2663,0.340000
futuhat,2664,0.360000
futuhat,2665,0.280000
futuhat,2666,0.340000
futuhat,2667,0.400000
futuhat,2668,0.320000
futuhat,2669,0.420000
futuhat,2670,0.400000
futuhat,2671,0.380000
futuhat,2672,0.440000
futuhat,2673,0.244898
futuhat,2674,0.300000
futuhat,2675,0.361702
futuhat,2676,0.458333
futuhat,2677,0.312500
futuhat,2678,0.460000
futuhat,2679,0.340000
futuhat,2680,0.448980
futuhat,2681,0.360000
futuhat,2682,0.320000
futuhat,2683,0.440000
futuhat,2684,0.300000
futuhat,2685,0.340000
futuhat,2686,0.340000
futuhat,2687,0.340000
futuhat,2688,0.340000
futuhat,2689,0.220000
futuhat,2690,0.340000
futuhat,2691,0.440000
futuhat,2692,0.260000
futuhat,2693,0.380000
futuhat,2694,0.460000
futuhat,2695,0.340000
futuhat,2696,0.600000
futuhat,2697,0.440000
futuhat,2698,0.400000
futuhat,2699,0.480000
futuhat,2700,0.420000
futuhat,2701,0.320000
futuhat,2702,0.500000
futuhat,2703,0.400000
futuhat,2704,0.360000
futuhat,2705,0.340000
futuhat,2706,0.520000
futuhat,2707,0.280000
futuhat,2708,0.420000
futuhat,2709,0.244898
futuhat,2710,0.300000
futuhat,2711,0.320000
futuhat,2712,0.300000
futuhat,2713,0.285714
futuhat,2714,0.340000
futuhat,2715,0.360000
futuhat,2716,0.360000
futuhat,2717,0.300000
futuhat,2718,0.480000
futuhat,2719,0.380000
futuhat,2720,0.460000
futuhat,2721,0.260000
futuhat,2722,0.300000
futuhat,2723,0.340000
futuhat,2724,0.300000
futuhat,2725,0.320000
futuhat,2726,0.340000
futuhat,2727,0.200000
futuhat,2728,0.380000
futuhat,2729,0.346939
futuhat,2730,0.320000
futuhat,2731,0.440000
futuhat,2732,0.300000
futuhat,2733,0.326531
futuhat,2734,0.360000
futuhat,2735,0.260000
futuhat,2736,0.420000
futuhat,2737,0.300000
futuhat,2738,0.360000
futuhat,2739,0.440000
futuhat,2740,0.380000
futuhat,2741,0.380000
futuhat,2742,0.320000
futuhat,2743,0.220000
futuhat,2744,0.340000
futuhat,2745,0.340000
futuhat,2746,0.320000
futuhat,2747,0.340000
futuhat,2748,0.320000
futuhat,2749,0.360000
futuhat,2750,0.260000
futuhat,2751,0.180000
futuhat,2752,0.306122
futuhat,2753,0.300000
futuhat,2754,0.340000
futuhat,2755,0.340000
futuhat,2756,0.320000
futuhat,2757,0.360000
futuhat,2758,0.380000
futuhat,2759,0.400000
futuhat,2760,0.400000
futuhat,2761,0.520000
futuhat,2762,0.240000
futuhat,2763,0.160000
futuhat,2764,0.400000
futuhat,2765,0.360000
futuhat,2766,0.280000
futuhat,2767,0.320000
futuhat,2768,0.400000
futuhat,2769,0.265306
futuhat,2770,0.300000
futuhat,2771,0.244898
futuhat,2772,0.320000
futuhat,2773,0.360000
futuhat,2774,0.380000
futuhat,2775,0.260000
futuhat,2776,0.360000
futuhat,2777,0.280000
futuhat,2778,0.220000
futuhat,2779,0.340426
futuhat,2780,0.360000
futuhat,2781,0.500000
futuhat,2782,0.440000
futuhat,2783,0.300000
futuhat,2784,0.340000
futuhat,2785,0.140000
futuhat,2786,0.280000
futuhat,2787,0.187500
futuhat,2788,0.408163
futuhat,2789,0.280000
futuhat,2790,0.440000
futuhat,2791,0.440000
futuhat,2792,0.260000
futuhat,2793,0.367347
futuhat,2794,0.500000
futuhat,2795,0.340000
futuhat,2796,0.420000
futuhat,2797,0.240000
futuhat,2798,0.380000
futuhat,2799,0.380000
futuhat,2800,0.204082
futuhat,2801,0.360000
futuhat,2802,0.300000
futuhat,2803,0.340000
futuhat,2804,0.180000
futuhat,2805,0.387755
futuhat,2806,0.260000
futuhat,2807,0.340000
futuhat,2808,0.240000
futuhat,2809,0.440000
futuhat,2810,0.220000
futuhat,2811,0.360000
futuhat,2812,0.404255
futuhat,2813,0.340000
futuhat,2814,0.220000
futuhat,2815,0.280000
futuhat,2816,0.320000
futuhat,2817,0.340000
futuhat,2818,0.520000
futuhat,2819,0.620000
futuhat,2820,0.520000
futuhat,2821,0.320000
futuhat,2822,0.440000
futuhat,2823,0.420000
futuhat,2824,0.285714
futuhat,2825,0.380000
futuhat,2826,0.408163
futuhat,2827,0.380000
futuhat,2828,0.400000
futuhat,2829,0.340000
futuhat,2830,0.346939
futuhat,2831,0.440000
futuhat,2832,0.360000
futuhat,2833,0.400000
futuhat,2834,0.416667
futuhat,2835,0.360000
futuhat,2836,0.437500
futuhat,2837,0.460000
futuhat,2838,0.420000
futuhat,2839,0.320000
futuhat,2840,0.400000
futuhat,2841,0.420000
futuhat,2842,0.300000
futuhat,2843,0.260000
futuhat,2844,0.340000
futuhat,2845,0.400000
futuhat,2846,0.420000
futuhat,2847,0.380000
futuhat,2848,0.420000
futuhat,2849,0.400000
futuhat,2850,0.280000
futuhat,2851,0.240000
futuhat,2852,0.360000
futuhat,2853,0.360000
futuhat,2854,0.480000
futuhat,2855,0.380000
futuhat,2856,0.320000
futuhat,2857,0.320000
futuhat,2858,0.280000
futuhat,2859,0.360000
futuhat,2860,0.360000
futuhat,2861,0.180000
futuhat,2862,0.500000
futuhat,2863,0.460000
futuhat,2864,0.367347
futuhat,2865,0.340000
futuhat,2866,0.260000
futuhat,2867,0.340000
futuhat,2868,0.280000
futuhat,2869,0.400000
futuhat,2870,0.300000
futuhat,2871,0.285714
futuhat,2872,0.346939
futuhat,2873,0.240000
futuhat,2874,0.320000
futuhat,2875,0.340000
futuhat,2876,0.320000
futuhat,2877,0.360000
futuhat,2878,0.380000
futuhat,2879,0.320000
futuhat,2880,0.300000
futuhat,2881,0.320000
futuhat,2882,0.400000
futuhat,2883,0.300000
futuhat,2884,0.420000
futuhat,2885,0.400000
futuhat,2886,0.440000
futuhat,2887,0.320000
futuhat,2888,0.400000
futuhat,2889,0.300000
futuhat,2890,0.380000
futuhat,2891,0.340000
futuhat,2892,0.280000
futuhat,2893,0.360000
futuhat,2894,0.360000
futuhat,2895,0.360000
futuhat,2896,0.260000
futuhat,2897,0.360000
futuhat,2898,0.460000
futuhat,2899,0.400000
futuhat,2900,0.340000
futuhat,2901,0.260000
futuhat,2902,0.220000
futuhat,2903,0.265306
futuhat,2904,0.320000
futuhat,2905,0.291667
futuhat,2906,0.360000
futuhat,2907,0.340000
futuhat,2908,0.380000
futuhat,2909,0.297872
futuhat,2910,0.285714
futuhat,2911,0.346939
futuhat,2912,0.367347
futuhat,2913,0.360000
futuhat,2914,0.380000
futuhat,2915,0.260000
futuhat,2916,0.300000
futuhat,2917,0.420000
futuhat,2918,0.460000
futuhat,2919,0.220000
futuhat,2920,0.360000
futuhat,2921,0.400000
futuhat,2922,0.489796
futuhat,2923,0.380000
futuhat,2924,0.367347
futuhat,2925,0.400000
futuhat,2926,0.280000
futuhat,2927,0.300000
futuhat,2928,0.360000
futuhat,2929,0.400000
futuhat,2930,0.400000
futuhat,2931,0.400000
futuhat,2932,0.320000
futuhat,2933,0.340000
futuhat,2934,0.340000
futuhat,2935,0.360000
futuhat,2936,0.260000
futuhat,2937,0.380000
futuhat,2938,0.320000
futuhat,2939,0.420000
futuhat,2940,0.354167
futuhat,2941,0.500000
futuhat,2942,0.387755
futuhat,2943,0.440000
futuhat,2944,0.319149
futuhat,2945,0.244898
futuhat,2946,0.239130
futuhat,2947,0.367347
futuhat,2948,0.395833
futuhat,2949,0.380000
futuhat,2950,0.346939
futuhat,2951,0.520000
futuhat,2952,0.280000
futuhat,2953,0.320000
futuhat,2954,0.280000
futuhat,2955,0.387755
futuhat,2956,0.260000
futuhat,2957,0.380000
futuhat,2958,0.340000
futuhat,2959,0.354167
futuhat,2960,0.360000
futuhat,2961,0.440000
futuhat,2962,0.320000
futuhat,2963,0.360000
futuhat,2964,0.380000
futuhat,2965,0.387755
futuhat,2966,0.280000
futuhat,2967,0.340000
futuhat,2968,0.240000
futuhat,2969,0.340000
futuhat,2970,0.367347
futuhat,2971,0.520000
futuhat,2972,0.300000
futuhat,2973,0.420000
futuhat,2974,0.340000
futuhat,2975,0.360000
futuhat,2976,0.460000
futuhat,2977,0.300000
futuhat,2978,0.440000
futuhat,2979,0.320000
futuhat,2980,0.448980
futuhat,2981,0.360000
futuhat,2982,0.367347
futuhat,2983,0.340000
futuhat,2984,0.300000
futuhat,2985,0.360000
futuhat,2986,0.420000
futuhat,2987,0.285714
futuhat,2988,0.367347
futuhat,2989,0.360000
futuhat,2990,0.220000
futuhat,2991,0.460000
futuhat,2992,0.400000
futuhat,2993,0.360000
futuhat,2994,0.300000
futuhat,2995,0.320000
futuhat,2996,0.460000
futuhat,2997,0.340000
futuhat,2998,0.380000
futuhat,2999,0.340000
futuhat,3000,0.400000
futuhat,3001,0.260000
futuhat,3002,0.333333
futuhat,3003,0.400000
futuhat,3004,0.300000
futuhat,3005,0.460000
futuhat,3006,0.440000
futuhat,3007,0.380000
futuhat,3008,0.300000
futuhat,3009,0.306122
futuhat,3010,0.300000
futuhat,3011,0.300000
futuhat,3012,0.320000
futuhat,3013,0.240000
futuhat,3014,0.280000
futuhat,3015,0.400000
futuhat,3016,0.340426
futuhat,3017,0.420000
futuhat,3018,0.480000
futuhat,3019,0.380000
futuhat,3020,0.440000
futuhat,3021,0.400000
futuhat,3022,0.420000
futuhat,3023,0.280000
futuhat,3024,0.346939
futuhat,3025,0.320000
futuhat,3026,0.380000
futuhat,3027,0.280000
futuhat,3028,0.320000
futuhat,3029,0.217391
futuhat,3030,0.540000
futuhat,3031,0.360000
futuhat,3032,0.280000
futuhat,3033,0.440000
futuhat,3034,0.480000
futuhat,3035,0.380000
futuhat,3036,0.360000
futuhat,3037,0.520833
futuhat,3038,0.360000
futuhat,3039,0.380000
futuhat,3040,0.380000
futuhat,3041,0.448980
futuhat,3042,0.420000
futuhat,3043,0.360000
futuhat,3044,0.480000
futuhat,3045,0.360000
futuhat,3046,0.460000
futuhat,3047,0.320000
futuhat,3048,0.480000
futuhat,3049,0.306122
futuhat,3050,0.480000
futuhat,3051,0.460000
futuhat,3052,0.380000
futuhat,3053,0.360000
futuhat,3054,0.340000
futuhat,3055,0.280000
futuhat,3056,0.500000
futuhat,3057,0.183673
futuhat,3058,0.346939
futuhat,3059,0.380000
futuhat,3060,0.326531
futuhat,3061,0.300000
futuhat,3062,0.440000
futuhat,3063,0.270833
futuhat,3064,0.380000
futuhat,3065,0.320000
futuhat,3066,0.400000
futuhat,3067,0.460000
futuhat,3068,0.420000
futuhat,3069,0.520000
futuhat,3070,0.340000
futuhat,3071,0.540000
futuhat,3072,0.420000
futuhat,3073,0.580000
futuhat,3074,0.340000
futuhat,3075,0.360000
futuhat,3076,0.395833
futuhat,3077,0.280000
futuhat,3078,0.260000
futuhat,3079,0.280000
futuhat,3080,0.280000
futuhat,3081,0.440000
futuhat,3082,0.520000
futuhat,3083,0.244898
futuhat,3084,0.440000
futuhat,3085,0.591837
futuhat,3086,0.360000
futuhat,3087,0.340000
futuhat,3088,0.180000
futuhat,3089,0.360000
futuhat,3090,0.360000
futuhat,3091,0.300000
futuhat,3092,0.500000
futuhat,3093,0.360000
futuhat,3094,0.260000
futuhat,3095,0.500000
futuhat,3096,0.346939
futuhat,3097,0.416667
futuhat,3098,0.448980
futuhat,3099,0.395833
futuhat,3100,0.306122
futuhat,3101,0.240000
futuhat,3102,0.400000
futuhat,3103,0.480000
futuhat,3104,0.291667
futuhat,3105,0.320000
futuhat,3106,0.320000
futuhat,3107,0.300000
futuhat,3108,0.400000
futuhat,3109,0.420000
futuhat,3110,0.320000
futuhat,3111,0.340000
futuhat,3112,0.340000
futuhat,3113,0.380000
futuhat,3114,0.380000
futuhat,3115,0.420000
futuhat,3116,0.440000
futuhat,3117,0.360000
futuhat,3118,0.425532
futuhat,3119,0.416667
futuhat,3120,0.333333
futuhat,3121,0.422222
futuhat,3122,0.280000
futuhat,3123,0.420000
futuhat,3124,0.340000
futuhat,3125,0.380000
futuhat,3126,0.400000
futuhat,3127,0.340000
futuhat,3128,0.260000
futuhat,3129,0.300000
futuhat,3130,0.260000
futuhat,3131,0.380000
futuhat,3132,0.408163
futuhat,3133,0.280000
futuhat,3134,0.440000
futuhat,3135,0.320000
futuhat,3136,0.346939
futuhat,3137,0.360000
futuhat,3138,0.326531
futuhat,3139,0.320000
futuhat,3140,0.380000
futuhat,3141,0.340000
futuhat,3142,0.387755
futuhat,3143,0.420000
futuhat,3144,0.260000
futuhat,3145,0.280000
futuhat,3146,0.260000
futuhat,3147,0.320000
futuhat,3148,0.320000
futuhat,3149,0.420000
futuhat,3150,0.387755
futuhat,3151,0.395833
futuhat,3152,0.326087
futuhat,3153,0.340000
futuhat,3154,0.440000
futuhat,3155,0.340000
futuhat,3156,0.340000
futuhat,3157,0.320000
futuhat,3158,0.540000
futuhat,3159,0.440000
futuhat,3160,0.380000
futuhat,3161,0.360000
futuhat,3162,0.360000
futuhat,3163,0.480000
futuhat,3164,0.320000
futuhat,3165,0.437500
futuhat,3166,0.448980
futuhat,3167,0.340000
futuhat,3168,0.326531
futuhat,3169,0.300000
futuhat,3170,0.340000
futuhat,3171,0.489796
futuhat,3172,0.229167
futuhat,3173,0.360000
futuhat,3174,0.460000
futuhat,3175,0.272727
futuhat,3176,0.387755
futuhat,3177,0.420000
futuhat,3178,0.420000
futuhat,3179,0.400000
futuhat,3180,0.340000
futuhat,3181,0.300000
futuhat,3182,0.320000
futuhat,3183,0.460000
futuhat,3184,0.380000
futuhat,3185,0.460000
futuhat,3186,0.400000
futuhat,3187,0.400000
futuhat,3188,0.416667
futuhat,3189,0.333333
futuhat,3190,0.380000
futuhat,3191,0.380000
futuhat,3192,0.360000
futuhat,3193,0.400000
futuhat,3194,0.367347
futuhat,3195,0.440000
futuhat,3196,0.380000
futuhat,3197,0.460000
futuhat,3198,0.520000
futuhat,3199,0.480000
futuhat,3200,0.360000
futuhat,3201,0.500000
futuhat,3202,0.380000
futuhat,3203,0.300000
futuhat,3204,0.395833
futuhat,3205,0.280000
futuhat,3206,0.360000
futuhat,3207,0.420000
futuhat,3208,0.320000
futuhat,3209,0.440000
futuhat,3210,0.510204
futuhat,3211,0.200000
futuhat,3212,0.380000
futuhat,3213,0.520000
futuhat,3214,0.400000
futuhat,3215,0.458333
futuhat,3216,0.380000
futuhat,3217,0.360000
futuhat,3218,0.380000
futuhat,3219,0.380000
futuhat,3220,0.416667
futuhat,3221,0.360000
futuhat,3222,0.380000
futuhat,3223,0.460000
futuhat,3224,0.387755
futuhat,3225,0.340000
futuhat,3226,0.375000
futuhat,3227,0.387755
futuhat,3228,0.400000
futuhat,3229,0.400000
futuhat,3230,0.326531
futuhat,3231,0.420000
futuhat,3232,0.244898
futuhat,3233,0.326531
futuhat,3234,0.320000
futuhat,3235,0.340000
futuhat,3236,0.440000
futuhat,3237,0.346939
futuhat,3238,0.240000
futuhat,3239,0.291667
futuhat,3240,0.240000
futuhat,3241,0.326531
futuhat,3242,0.408163
futuhat,3243,0.346939
futuhat,3244,0.360000
futuhat,3245,0.340000
futuhat,3246,0.380000
futuhat,3247,0.240000
futuhat,3248,0.300000
futuhat,3249,0.260000
futuhat,3250,0.300000
futuhat,3251,0.380000
futuhat,3252,0.400000
futuhat,3253,0.404255
futuhat,3254,0.360000
futuhat,3255,0.420000
futuhat,3256,0.280000
futuhat,3257,0.500000
futuhat,3258,0.380000
futuhat,3259,0.326531
futuhat,3260,0.360000
futuhat,3261,0.440000
futuhat,3262,0.380000
futuhat,3263,0.300000
futuhat,3264,0.420000
futuhat,3265,0.367347
futuhat,3266,0.270833
futuhat,3267,0.420000
futuhat,3268,0.346939
futuhat,3269,0.340000
futuhat,3270,0.300000
futuhat,3271,0.400000
futuhat,3272,0.380000
futuhat,3273,0.489362
futuhat,3274,0.326531
futuhat,3275,0.416667
futuhat,3276,0.400000
futuhat,3277,0.500000
futuhat,3278,0.300000
futuhat,3279,0.280000
futuhat,3280,0.320000
futuhat,3281,0.300000
futuhat,3282,0.340000
futuhat,3283,0.440000
futuhat,3284,0.380000
futuhat,3285,0.460000
futuhat,3286,0.500000
futuhat,3287,0.408163
futuhat,3288,0.260000
futuhat,3289,0.260000
futuhat,3290,0.420000
futuhat,3291,0.260000
futuhat,3292,0.540000
futuhat,3293,0.480000
futuhat,3294,0.360000
futuhat,3295,0.440000
futuhat,3296,0.380000
futuhat,3297,0.360000
futuhat,3298,0.360000
futuhat,3299,0.240000
futuhat,3300,0.300000
futuhat,3301,0.360000
futuhat,3302,0.244898
futuhat,3303,0.440000
futuhat,3304,0.220000
futuhat,3305,0.360000
futuhat,3306,0.400000
futuhat,3307,0.300000
futuhat,3308,0.300000
futuhat,3309,0.300000
futuhat,3310,0.380000
futuhat,3311,0.340000
futuhat,3312,0.280000
futuhat,3313,0.300000
futuhat,3314,0.300000
futuhat,3315,0.360000
futuhat,3316,0.380000
futuhat,3317,0.408163
futuhat,3318,0.300000
futuhat,3319,0.420000
futuhat,3320,0.380000
futuhat,3321,0.380000
futuhat,3322,0.340000
futuhat,3323,0.280000
futuhat,3324,0.380000
futuhat,3325,0.280000
futuhat,3326,0.340000
futuhat,3327,0.340000
futuhat,3328,0.380000
futuhat,3329,0.220000
futuhat,3330,0.240000
futuhat,3331,0.260000
futuhat,3332,0.340000
futuhat,3333,0.340000
futuhat,3334,0.380000
futuhat,3335,0.300000
futuhat,3336,0.460000
futuhat,3337,0.360000
futuhat,3338,0.360000
futuhat,3339,0.400000
futuhat,3340,0.420000
futuhat,3341,0.340000
futuhat,3342,0.346939
futuhat,3343,0.380000
futuhat,3344,0.400000
futuhat,3345,0.240000
futuhat,3346,0.367347
futuhat,3347,0.400000
futuhat,3348,0.160000
futuhat,3349,0.408163
futuhat,3350,0.400000
futuhat,3351,0.500000
futuhat,3352,0.320000
futuhat,3353,0.380000
futuhat,3354,0.500000
futuhat,3355,0.306122
futuhat,3356,0.208333
futuhat,3357,0.408163
futuhat,3358,0.460000
futuhat,3359,0.280000
futuhat,3360,0.428571
futuhat,3361,0.300000
futuhat,3362,0.260000
futuhat,3363,0.346939
futuhat,3364,0.420000
futuhat,3365,0.285714
futuhat,3366,0.420000
futuhat,3367,0.340000
futuhat,3368,0.480000
futuhat,3369,0.360000
futuhat,3370,0.540000
futuhat,3371,0.387755
futuhat,3372,0.320000
futuhat,3373,0.420000
futuhat,3374,0.387755
futuhat,3375,0.240000
futuhat,3376,0.500000
futuhat,3377,0.354167
futuhat,3378,0.306122
futuhat,3379,0.300000
futuhat,3380,0.360000
futuhat,3381,0.360000
futuhat,3382,0.400000
futuhat,3383,0.387755
futuhat,3384,0.469388
futuhat,3385,0.340000
futuhat,3386,0.183673
futuhat,3387,0.346939
futuhat,3388,0.346939
futuhat,3389,0.540000
futuhat,3390,0.480000
futuhat,3391,0.440000
futuhat,3392,0.437500
futuhat,3393,0.360000
futuhat,3394,0.300000
futuhat,3395,0.320000
futuhat,3396,0.347826
futuhat,3397,0.400000
futuhat,3398,0.360000
futuhat,3399,0.280000
futuhat,3400,0.280000
futuhat,3401,0.240000
futuhat,3402,0.280000
futuhat,3403,0.440000
futuhat,3404,0.400000
futuhat,3405,0.320000
futuhat,3406,0.300000
futuhat,3407,0.460000
futuhat,3408,0.480000
futuhat,3409,0.380000
futuhat,3410,0.326531
futuhat,3411,0.367347
futuhat,3412,0.420000
futuhat,3413,0.367347
futuhat,3414,0.400000
futuhat,3415,0.500000
futuhat,3416,0.440000
futuhat,3417,0.460000
futuhat,3418,0.400000
futuhat,3419,0.280000
futuhat,3420,0.300000
futuhat,3421,0.360000
futuhat,3422,0.408163
futuhat,3423,0.420000
futuhat,3424,0.489362
futuhat,3425,0.312500
futuhat,3426,0.400000
futuhat,3427,0.420000
futuhat,3428,0.440000
futuhat,3429,0.260000
futuhat,3430,0.400000
futuhat,3431,0.420000
futuhat,3432,0.320000
futuhat,3433,0.360000
futuhat,3434,0.400000
futuhat,3435,0.239130
futuhat,3436,0.300000
futuhat,3437,0.240000
futuhat,3438,0.280000
futuhat,3439,0.360000
futuhat,3440,0.300000
futuhat,3441,0.300000
futuhat,3442,0.520000
futuhat,3443,0.540000
futuhat,3444,0.380000
futuhat,3445,0.280000
futuhat,3446,0.360000
futuhat,3447,0.300000
futuhat,3448,0.400000
futuhat,3449,0.340000
futuhat,3450,0.400000
futuhat,3451,0.285714
futuhat,3452,0.460000
futuhat,3453,0.420000
futuhat,3454,0.400000
futuhat,3455,0.500000
futuhat,3456,0.360000
futuhat,3457,0.420000
futuhat,3458,0.500000
futuhat,3459,0.420000
futuhat,3460,0.260000
futuhat,3461,0.280000
futuhat,3462,0.280000
futuhat,3463,0.460000
futuhat,3464,0.360000
futuhat,3465,0.346939
futuhat,3466,0.300000
futuhat,3467,0.440000
futuhat,3468,0.440000
futuhat,3469,0.440000
futuhat,3470,0.360000
futuhat,3471,0.420000
futuhat,3472,0.240000
futuhat,3473,0.440000
futuhat,3474,0.400000
futuhat,3475,0.280000
futuhat,3476,0.300000
futuhat,3477,0.220000
futuhat,3478,0.340000
futuhat,3479,0.420000
futuhat,3480,0.380000
futuhat,3481,0.440000
futuhat,3482,0.400000
futuhat,3483,0.460000
futuhat,3484,0.380000
futuhat,3485,0.380000
futuhat,3486,0.220000
futuhat,3487,0.240000
futuhat,3488,0.300000
futuhat,3489,0.340000
futuhat,3490,0.320000
futuhat,3491,0.380000
futuhat,3492,0.360000
futuhat,3493,0.440000
futuhat,3494,0.360000
futuhat,3495,0.340000
futuhat,3496,0.306122
futuhat,3497,0.280000
futuhat,3498,0.380000
futuhat,3499,0.340000
futuhat,3500,0.360000
futuhat,3501,0.367347
futuhat,3502,0.380000
futuhat,3503,0.280000
futuhat,3504,0.387755
futuhat,3505,0.460000
futuhat,3506,0.240000
futuhat,3507,0.420000
futuhat,3508,0.380000
futuhat,3509,0.440000
futuhat,3510,0.200000
futuhat,3511,0.400000
futuhat,3512,0.340000
futuhat,3513,0.440000
futuhat,3514,0.380000
futuhat,3515,0.440000
futuhat,3516,0.300000
futuhat,3517,0.440000
futuhat,3518,0.460000
futuhat,3519,0.360000
futuhat,3520,0.460000
futuhat,3521,0.360000
futuhat,3522,0.400000
futuhat,3523,0.320000
futuhat,3524,0.440000
futuhat,3525,0.300000
futuhat,3526,0.320000
futuhat,3527,0.340000
futuhat,3528,0.380000
futuhat,3529,0.400000
futuhat,3530,0.340000
futuhat,3531,0.420000
futuhat,3532,0.440000
futuhat,3533,0.460000
futuhat,3534,0.408163
futuhat,3535,0.440000
futuhat,3536,0.420000
futuhat,3537,0.489796
futuhat,3538,0.280000
futuhat,3539,0.320000
futuhat,3540,0.320000
futuhat,3541,0.320000
futuhat,3542,0.367347
futuhat,3543,0.340000
futuhat,3544,0.400000
futuhat,3545,0.360000
futuhat,3546,0.346939
futuhat,3547,0.380000
futuhat,3548,0.420000
futuhat,3549,0.360000
futuhat,3550,0.300000
futuhat,3551,0.320000
futuhat,3552,0.380000
futuhat,3553,0.400000
futuhat,3554,0.440000
futuhat,3555,0.300000
futuhat,3556,0.408163
futuhat,3557,0.291667
futuhat,3558,0.320000
futuhat,3559,0.320000
futuhat,3560,0.367347
futuhat,3561,0.320000
futuhat,3562,0.540000
futuhat,3563,0.510204
futuhat,3564,0.380000
futuhat,3565,0.380000
futuhat,3566,0.326531
futuhat,3567,0.260000
futuhat,3568,0.340000
futuhat,3569,0.340000
futuhat,3570,0.448980
futuhat,3571,0.380000
futuhat,3572,0.260000
futuhat,3573,0.400000
futuhat,3574,0.340000
futuhat,3575,0.360000
futuhat,3576,0.300000
futuhat,3577,0.300000
futuhat,3578,0.440000
futuhat,3579,0.380000
futuhat,3580,0.420000
futuhat,3581,0.380000
futuhat,3582,0.340000
futuhat,3583,0.440000
futuhat,3584,0.420000
futuhat,3585,0.280000
futuhat,3586,0.360000
futuhat,3587,0.220000
futuhat,3588,0.240000
futuhat,3589,0.320000
futuhat,3590,0.380000
futuhat,3591,0.440000
futuhat,3592,0.300000
futuhat,3593,0.240000
futuhat,3594,0.380000
futuhat,3595,0.440000
futuhat,3596,0.320000
futuhat,3597,0.300000
futuhat,3598,0.320000
futuhat,3599,0.428571
futuhat,3600,0.320000
futuhat,3601,0.260000
futuhat,3602,0.326531
futuhat,3603,0.333333
futuhat,3604,0.291667
futuhat,3605,0.285714
futuhat,3606,0.320000
futuhat,3607,0.420000
futuhat,3608,0.270833
futuhat,3609,0.065217
futuhat,3610,0.180000
futuhat,3611,0.224490
futuhat,3612,0.408163
futuhat,3613,0.387755
futuhat,3614,0.380000
futuhat,3615,0.380000
futuhat,3616,0.346939
futuhat,3617,0.340000
futuhat,3618,0.200000
futuhat,3619,0.375000
futuhat,3620,0.360000
futuhat,3621,0.326531
futuhat,3622,0.300000
futuhat,3623,0.200000
futuhat,3624,0.367347
futuhat,3625,0.270833
futuhat,3626,0.400000
futuhat,3627,0.312500
futuhat,3628,0.320000
futuhat,3629,0.280000
futuhat,3630,0.320000
futuhat,3631,0.354167
futuhat,3632,0.400000
futuhat,3633,0.320000
futuhat,3634,0.387755
futuhat,3635,0.408163
futuhat,3636,0.319149
futuhat,3637,0.413043
futuhat,3638,0.380000
futuhat,3639,0.382979
futuhat,3640,0.425532
futuhat,3641,0.312500
futuhat,3642,0.312500
futuhat,3643,0.224490
futuhat,3644,0.437500
futuhat,3645,0.400000
futuhat,3646,0.380000
futuhat,3647,0.224490
futuhat,3648,0.375000
futuhat,3649,0.306122
futuhat,3650,0.306122
futuhat,3651,0.416667
futuhat,3652,0.469388
futuhat,3653,0.320000
futuhat,3654,0.229167
futuhat,3655,0.229167
futuhat,3656,0.408163
futuhat,3657,0.187500
futuhat,3658,0.300000
futuhat,3659,0.380000
futuhat,3660,0.440000
futuhat,3661,0.400000
futuhat,3662,0.520000
futuhat,3663,0.520000
futuhat,3664,0.480000
futuhat,3665,0.400000
futuhat,3666,0.320000
futuhat,3667,0.320000
futuhat,3668,0.363636
