{
  "k6": {
    "accuracy": 0.5350877192982456,
    "baseline": 0.5526315789473685,
    "n_d369": 51,
    "predictions": [
      [
        1,
        0.9766944646835327,
        1
      ],
      [
        2,
        0.6039000749588013,
        0
      ],
      [
        3,
        0.47305774688720703,
        0
      ],
      [
        4,
        0.15088674426078796,
        0
      ],
      [
        5,
        0.5699068307876587,
        1
      ],
      [
        6,
        0.3855469226837158,
        1
      ],
      [
        7,
        0.3508301377296448,
        0
      ],
      [
        8,
        0.3851954936981201,
        1
      ],
      [
        9,
        0.4623640477657318,
        1
      ],
      [
        10,
        0.09336895495653152,
        1
      ],
      [
        11,
        0.33070889115333557,
        1
      ],
      [
        12,
        0.3192088007926941,
        0
      ],
      [
        13,
        0.33295488357543945,
        1
      ],
      [
        14,
        0.2405683845281601,
        1
      ],
      [
        15,
        0.19520553946495056,
        0
      ],
      [
        16,
        0.36177223920822144,
        1
      ],
      [
        17,
        0.15270911157131195,
        1
      ],
      [
        18,
        0.17344602942466736,
        1
      ],
      [
        19,
        0.32160794734954834,
        0
      ],
      [
        20,
        0.8396090865135193,
        0
      ],
      [
        21,
        0.38271060585975647,
        0
      ],
      [
        22,
        0.3266005218029022,
        0
      ],
      [
        23,
        0.7605328559875488,
        0
      ],
      [
        24,
        0.6118962168693542,
        1
      ],
      [
        25,
        0.12797605991363525,
        1
      ],
      [
        26,
        0.3144753873348236,
        1
      ],
      [
        27,
        0.6109538674354553,
        1
      ],
      [
        28,
        0.531430184841156,
        0
      ],
      [
        29,
        0.4175315797328949,
        0
      ],
      [
        30,
        0.4748600423336029,
        0
      ],
      [
        31,
        0.6447709202766418,
        1
      ],
      [
        32,
        0.13336020708084106,
        1
      ],
      [
        33,
        0.47510984539985657,
        0
      ],
      [
        34,
        0.4289311468601227,
        1
      ],
      [
        35,
        0.7325789332389832,
        1
      ],
      [
        36,
        0.7167090177536011,
        0
      ],
      [
        37,
        0.40989989042282104,
        1
      ],
      [
        38,
        0.6116490960121155,
        1
      ],
      [
        39,
        0.2679270803928375,
        0
      ],
      [
        40,
        0.47559666633605957,
        0
      ],
      [
        41,
        0.2707182466983795,
        1
      ],
      [
        42,
        0.3598470687866211,
        0
      ],
      [
        43,
        0.4058153033256531,
        0
      ],
      [
        44,
        0.7695019245147705,
        1
      ],
      [
        45,
        0.20520363748073578,
        0
      ],
      [
        46,
        0.16895072162151337,
        0
      ],
      [
        47,
        0.42813411355018616,
        1
      ],
      [
        48,
        0.544317901134491,
        1
      ],
      [
        49,
        0.48240238428115845,
        0
      ],
      [
        50,
        0.569730281829834,
        0
      ],
      [
        51,
        0.55049729347229,
        0
      ],
      [
        52,
        0.4380061626434326,
        0
      ],
      [
        53,
        0.5107617378234863,
        0
      ],
      [
        54,
        0.6536965370178223,
        0
      ],
      [
        55,
        0.6791593432426453,
        0
      ],
      [
        56,
        0.6191819906234741,
        0
      ],
      [
        57,
        0.20314504206180573,
        1
      ],
      [
        58,
        0.36202722787857056,
        0
      ],
      [
        59,
        0.39125367999076843,
        0
      ],
      [
        60,
        0.39386752247810364,
        0
      ],
      [
        61,
        0.45084095001220703,
        0
      ],
      [
        62,
        0.7745844125747681,
        0
      ],
      [
        63,
        0.4343980550765991,
        0
      ],
      [
        64,
        0.20474229753017426,
        0
      ],
      [
        65,
        0.5743234157562256,
        1
      ],
      [
        66,
        0.16390573978424072,
        1
      ],
      [
        67,
        0.5157527923583984,
        0
      ],
      [
        68,
        0.29767322540283203,
        0
      ],
      [
        69,
        0.2105291336774826,
        1
      ],
      [
        70,
        0.3268214166164398,
        0
      ],
      [
        71,
        0.39605653285980225,
        0
      ],
      [
        72,
        0.7476103901863098,
        0
      ],
      [
        73,
        0.43583810329437256,
        1
      ],
      [
        74,
        0.47481268644332886,
        0
      ],
      [
        75,
        0.2837071716785431,
        0
      ],
      [
        76,
        0.3026461899280548,
        0
      ],
      [
        77,
        0.2986885905265808,
        1
      ],
      [
        78,
        0.527748703956604,
        1
      ],
      [
        79,
        0.28822821378707886,
        0
      ],
      [
        80,
        0.45328450202941895,
        0
      ],
      [
        81,
        0.32692983746528625,
        1
      ],
      [
        82,
        0.6372328400611877,
        0
      ],
      [
        83,
        0.309793621301651,
        0
      ],
      [
        84,
        0.8605262637138367,
        0
      ],
      [
        85,
        0.41667866706848145,
        1
      ],
      [
        86,
        0.22438758611679077,
        0
      ],
      [
        87,
        0.12765467166900635,
        1
      ],
      [
        88,
        0.4148450493812561,
        1
      ],
      [
        89,
        0.032766520977020264,
        0
      ],
      [
        90,
        0.27185070514678955,
        1
      ],
      [
        91,
        0.518158495426178,
        0
      ],
      [
        92,
        0.5105906128883362,
        1
      ],
      [
        93,
        0.25977110862731934,
        0
      ],
      [
        94,
        0.1829511523246765,
        1
      ],
      [
        95,
        0.23373685777187347,
        1
      ],
      [
        96,
        0.2779907286167145,
        0
      ],
      [
        97,
        0.8361797332763672,
        1
      ],
      [
        98,
        0.7678309082984924,
        0
      ],
      [
        99,
        0.3699389398097992,
        0
      ],
      [
        100,
        0.9959335923194885,
        1
      ],
      [
        101,
        0.40098342299461365,
        0
      ],
      [
        102,
        0.7864653468132019,
        0
      ],
      [
        103,
        0.9556530714035034,
        1
      ],
      [
        104,
        0.6116126179695129,
        1
      ],
      [
        105,
        0.7127418518066406,
        1
      ],
      [
        106,
        0.12635104358196259,
        1
      ],
      [
        107,
        0.7527790069580078,
        0
      ],
      [
        108,
        0.9999793767929077,
        1
      ],
      [
        109,
        0.3145553171634674,
        0
      ],
      [
        110,
        0.7945444583892822,
        0
      ],
      [
        111,
        0.7863300442695618,
        0
      ],
      [
        112,
        0.6737172603607178,
        1
      ],
      [
        113,
        0.7958030104637146,
        1
      ],
      [
        114,
        0.2874005138874054,
        1
      ]
    ]
  },
  "abjad": {
    "accuracy": 0.6754385964912281,
    "n_d369": 35
  },
  "attention": {
    "diagonal_d369": 0.010729970410466194,
    "diagonal_other": 0.009203777648508549,